شیدایی ها           | شهرداریها
مالاگا              | مالاگاسی
برآمدگی             | برآمدهای - برآمد یکی
در وعده های         | سرودهای
ربیع                | روی - عربی - روی - عربی - ولی - روی - روی - عربی - روی - روی - ی عربی - روی - عربی - عربی - عربی - روی - روی - عربی - روی - عربی - روی - روی - روی - عربی - روی - عربی - روی - عربی - روی - روی - روی - روی - رأی - روی - روی - روی - عربی - روی - روی - روی - روی - روی - عربی - روی - عربی - عربی - روی - روی - روی - روی - روی - روی - روی - عربی - روی - در - است روی - روی - روی - روی - عربی - عربی - روی - روی - عربی - عربی - روی - عربی - روی - عربی - عربی - عربی - عربی - عربی - عربی - عربی - روی - روی - عربی - روی - عربی - رأی - عربی - عربی - عربی - روی - روی - روی - روی - روی - روی - روی - عربی - عربی - عربی - عربی - و بی - روی - عربی - روی - روی - روی - عربی - روی - روی - عربی - عربی - عربی - عربی - رأی - عربی - عربی - روی - عربی - عربی - عربی - عربی - روی - روی - عربی - روی - روی - روی - عربی - روی - عربی - روی - روی - عربی - عربی - عربی - عربی - روی - روی - روی - عربی - عربی - عربی - عربی - روی - روی - روی - روی - روی - روی - عربی - روی - عربی - رأی - روی - روی - روی - روی - روی - روی - روی - عربی - عربی - روی - عربی - روی - روی - روی - روی - عربی - عربی - عربی - روی - عربی - عربی - روی - روی - عربی - روی - عربی - روی - عربی - روی - روید - روی - روی - روی - عربی - روی - عربی - عربی - عربی - روی - روی - و بی - عربی - بی - عربی - روی - عربی - عربی - عربی - روی - عربی - چربی - عربی - روی - روی - عربی - عربی - روی - روی - روی - ایشان - عربی - عربی - عربی - روی - عربی - روی - عربی - روی - روی - روی - عربی - روی - روی - عربی - عربی - عربی - عربی - عربی - روی - روی - روی - روی - عربی - روی - روی - روی - عربی - روی - روی - عربی - عربی - عربی - روی - روی - روی - روی - روی - روی - روی - عربی - عربی - عربی - عربی - روی - روی - عربی - عربی - روی - عربی - عربی - روی - شبی - روی - روی - روی - روی - عربی - عربی - روی - و پنج عربی - روی - عربی - روی - عربی - عربی - عربی - غربی - روی - روی - عربی - عربی - روی - عربی - روی - روی - روی - عربی - روی - عربی - عربی - عربی - روی - روی - روی - روی - روی - روی - روی - عربی - عربی - روی - عربی - روی - روی - عربی - عربی - روی - روی - عربی - عربی - روی - روی - عربی - عربی - روی - رأی - روی - عربی - روی - روی - روی - عربی - روی - عربی - روی - عربی - روی - عربی - عربی - عربی - عربی - عربی - روی - عربی - روی - عربی - عربی - عربی - عربی - روی - عربی - عربی - عربی - روی - عربی - روی - عربی - روی - عربی - روی - عربی - روی - عربی - عربی - روی - روی سرگرمی - رأی - روی - روی - روی - عربی - روی - روی - روی - روی - روی - روی - روی - عربی - روی - رأی - عربی - روی - عربی - رأی - روی - عربی - روی - عربی - عربی - روی - روی - روی - خوردگی عربی - عربی - عربی - روی - عربی - روی - عربی - عربی - روی - روی - عربی - و بی - عربی - روی - روی - روی - عربی - رأی - عربی - روی - روی - عربی - عربی - روی - روی - عربی - روی - عربی - روی - روی - عربی - رأی - عربی - عربی - عربی - عربی - روی - روی - روی - روی
نامادری             | نا - است - نامه
اش                  | مادریاش - نام مادریاش - زندگیاش - زندگیاش - آتش - هاش - ش - باید - ی هاش - هاش - هاش - از - شویی - ببخش
به                  | بسر - متناسب با - دهند - بفرستند - انسان - بطرز - بهداشت - نشان - بفرستد - بهروز - بسیاری - ایشان
سر می برد           | میبرد
چندانی              | چندان - چندان - چندان - چندان - چندان - چند دانی - چندان - چندان - چندان
میان                | نیم - میانه
شان                 | یا نشان - ایشان - نشان - ایشان - ایشان - نشان - هایشان - افزونش هم - ایشان - ایشان - ایشان - ایشان - ایشان - ایشان - شن - ایشان - ایشان - ایشان - نشان - هایشان - ایشان - نشان
ای                  | ی - ی - ی بر - ی - ی - ی - ی - وی - ی - ی - های - ی - ی - ی - ی - ی - ی - ی - ی - هایی - ی - ی - های - ی - ی - ی - ی - مینامد صبور - ی - های - ی - های - ی - دلی - ی - آنهایی
برپاست              | برپا
ی باد               | باد
پاورقی              | پا برقی - پا - پا برقی - پا
مندرج               | مادرش - مون درجه
پانویس              | پا
ها                  | نویسنده - دهه - آنها - سلطه - های - بازها - تا - نمی - لباسها - اینها - اونها - چه از پا
کلاسترشر            | لاستیک شعر
سرسره               | سرسرای
کوچکتر              | کوچک تر
خرمایی اش           | فرمایش
پسرانه              | پسران
زیتونیست            | زیتون نیست
قلمی                | قلمه
ملوانی              | ملوانان
لیمویی              | لیمو ی
می اندازد           | میاندازد - میاندازد - میاندازد - میاندازد - میاندازد
ای حوالی            | حوالی
اش می               | می
واکمنش              | واکنش
متفکرانه            | متفکر ران - متفکرین
می نگرد             | مینگرد - مینگرد
ناخن هایش           | ناخنهایش
جود                 | شود
مادر                | ما در - ما در - مادرش
رمانی               | رومانی
لن                  | برقی
دیتون               | لندن تند
مطلب                | متن
مهمانان             | میهمانان
کلرمون              | کولر
فران                | مونترال
نامی                | نامش
آلیس سار            | الیسا
حسی                 | کسی - هستی - حس
واژه ها             | واضحه - بازیها - واضحه - واضحه
بیانش               | بیان اش
مبهمی               | مبهم
است                 | ایست - ایست - ایست - شانه - چیست - نیست - از - کیست - هست - از - از - هست - راست - از - هست - هست - هنوز هست - هست - دانست - هست
درونش               | درون اش - درون اش
بوفه                | بوف
کنف                 | کلاس
منطق                | منطقه
شیدایی              | شیر
حول                 | دایی هول - حوله
متبلور              | مطلوب
سهل                 | صحنه
انگارانه            | گارانتی
پایی                | پای
ی جدید              | جلد
سیذارتا             | سیزده تا
هرمان               | همان
هسه                 | حس
پرتی                | پرت
عصرانه              | اثرانگشت - است - اصرار
هایی                | های - هاى - ای - های - های
شخصیتی              | شخصیت - شخصیت های - شخصیت - شخصیت های - شخصیت های
ذهن                 | ذهنم - عرضه - عرضه
پره های             | پرههای
اتاقش               | اتاقی - اتاقهای
ذهنش                | ذهن اش - ذهنم - ذهنت - ذهنم - ذهنم - ذهنم - ذهنم - ذهنم - ذهنم - ذهنت - ذهنم - ذهن اش
می نگارد            | مینگارد
چشیده               | کشیده - چشیدن
رازدار              | رازداری
دورویی              | دعوی
جمعی                | جمع
پوست                | اوست - پوسته - پوسته
نگذاشته             | نگذاشت
گوشانه              | گوششان - گوششان
نمی کرده            | کرده
می بیند             | میبیند - میبیند - میبیند - میبیند - میبیند
نشسته اند           | نشستند - نشستند
ایرفرانس            | انفرادی
کازا                | کاظم
ال                  | آل
سور                 | سعود
اگرچه               | گرچه - گرچه
سالیان              | سالیانی - سالیانه
های                 | ها - هاى - ی - هاى - ها - ها - استانهای - هاى - ی - ها - ها ی - گیاهان - ی - ها - ی - گاهی - ی - ها ی - پای - ها ی - دریای - بهای - هوای - ای - هوای - گیاهان - ها - ها - لایحه ی - هایی - هایی - هایی - ها یا - ی - ناگهان - ها ی - هایی - ادعای - حرفهای - دندانهای - انسان - ها یا - هایی - هاى - ها ی - ی - ی - شعرهای - ها هایی - هوای - پای - یک - پله ای - ی - ادعای - بازده
دلبران              | دل براى
سالن های            | هاى
منهتن               | من حتما - من حتا
پرواز               | پروازها
کلوئه               | قلعه
مضحک                | مزاح
تکریم               | تحریم
انگاشته             | انگاشت
جایگاهی             | جایگاههای - بار جای گاهی - جایگاه
آرمانگرایی          | آرمان گرایی
معنویات             | معنوی یاد
سوژه های            | سوهان
جسم                 | ژست
سخاوتمندانه         | سخاوتمند دانه
چرا که              | چراکه - چراکه - چراکه - چراکه - چراکه - چراکه - چراکه
زندگی اش            | زندگیاش - زندگیاش - زندگیاش
دلخوش               | دل خوش
گری                 | گر - گیری
خیالی               | خیالم - خیالم
بر روی              | روی
کناری               | کنار ی - کنار ی - کنار ی
کمالاتی             | کمال ذاتی
سالها               | سال ها
نتایجی              | نتایج
رومانتیک            | رمانتیک
می انگاشت اعم       | مینگاشت
شم                  | شنبه - شنبه - شنبه
تمایلات             | تمایل دولت - تمایل - تمایل
مانعی               | مانع
روابطش              | روابط اش - روابط
صفحه                | سطحی - سطحی - سطحی - سطحی - سطحی - سطحی - سطحی
شدید؟               | شدید
اشتیاق              | اشتیاقی
همدلانه             | همدان - هم دعا - همدان
بذله                | وزن
جواب شان            | جوابشو
نامتناسب            | نا
رمانتیک             | رومانتیک - رومانتیک
ی آن                | آن
راوی                | روی
آینده               | ایندیانا
ای نامشخص           | مشخص
در واقع             | درواقع - درواقع
حیطه                | هفته - هفته - ایده
نمی گنجد            | نمیگنجد
هیچ وقت             | هیچوقت
ذهن شان             | ذهنشان
است؟                | است - است - است
روابطی              | روابط
که                  | تیکه - کتاب - یک - اینکه - است - تیک - کنار
فرودی               | فرود این
ها به               | به
انجامیده            | انجام
اند                 | می - بند - دهند - است - آنست - گذراندند - آیند - ماند - گیرند - هند - خاطر - زندهاند - هم - هستند - است
طرزی                | بترسی
استثناهایی          | استدلال هایی
شجاعانه             | شجاع آن
ی پیش روی           | پیشروی
میگوییم             | می گوید
ادینبرو             | ادینبرا - ادیم برو - ادینبرا - ادینبرا - ادینبرا - ادینبرا - ادینبرا - ادینبورگ - ادینبورگ - ادینبرا - ادینبرا - ادیم برو - ادیم رو - ادینبرا
ای که               | که - که - که - که
غیر منتظره          | غیرمنتظره
ی حرفه ای اش        | حرفهایش
می پسندیده          | میپسندید
به کار              | بکار
در طراحی            | طراحی
گرافیک              | گرافیکی
همسریابی            | همسر یابی
افتتاحیه            | افتتاح این
سلتیک               | سلطه یک
گردهمایی            | گرد هم آییم
بی                  | بیست - بین
ثمر                 | مر - می رسد عمل
سوسویی              | سوسول
رقیبی               | رقیب
آمده                | آمد
نگهبانان            | نگهبان
منتظر اش            | منتظرم
و باید              | باید
خانه                | خانههای
هایی گران قیمت      | گرانقیمت
بی میلی             | بیمیلی
الزاماتی            | الزامات
وی ابتدا            | ابتدا
تحقیقاتی            | تحقیقات
کِرستن              | فرصتها - فرستم - کوهستان - رستم - عربستان - رسیدن - پرستار - پرستار - یک رسیدن - کوهستان - رستم - پرسیدن - کوهستان - کریستال - رسیدن - کوهستان - کوهستان - کوهستان - فرصتها - کوهستان - کوهستان - درسته - رسیدن - رسیدن - پرستار - کردستان - رستم
مک                  | مثلی - مثلی - مثلی
لیلاند              | فلان - الان - لیلا - لیلا - لیلا - لا
فسفری               | فوری
لاستیکی             | لاستیک
نمی شنود            | نمیشنود
کمپرسور             | کمپ
هیدرولیکی           | سر هیچ رو نیکی
ی                   | این - یک - روی - لبنان - تهی - های - ایه - یک - یا - های - ای - کاتولیک - یا - شامل - داران - یک - دهی - ای - هوای - آن - بحرانهای - زوم یا - ای - ای - امید - لبهی - نهی
اسکاتلندی           | ور انسی
گوینده              | گویند
میپرد               | می پرد
خصوصیاتی            | خصوصیات - خصوصیات
مابانه              | و آبان
بی توجهی            | بیتوجهی
نظم                 | اسمی
دندانهایش           | دندانهایم - دندانهایم
نیمکتی              | نیمکت - نیمکتهای - نیمکتهای - نیمکتهای
نمی گذرد            | نمیگذرد - نمیگذرد - نمیگذرد
نیست                | نیز - نیز - بیست - ایشان نیز - نیز - نیز
دفتری               | دفتر
گفتگویی             | گفتگو ی - گفتگوها
و تنها              | وتنها
فوق العاده          | فوقالعاده - فوقالعاده - فوقالعاده - فوقالعاده - فوقالعاده
تنهای               | تنهایی
هایش                | هایت - دانش - هایشان - های - هایم - هایم - هایشان - هاش - هایشان - هایت - عشق - ای اش - هایتان - های اش
متروکی              | متروکه
پاپادام             | پا دام - دام
می دهند             | میدهند
فرم ها              | فربه
رسند                | رسد - رسد - رسد - رسد
ها را               | را
لک های              | تکنیکهای
مخلوطی              | مخروطی - مخروطی
وقار                | غار - و غار
پشتش                | پشت
تا سرشانه           | سرشان
جملاتش              | جملات اش
سرکی                | سرکه
باحالتی             | با حالت
اینورس              | این برس - این وضع - این برنز
زندگی               | زندگیم - بقیه - بقیه
ام اون قدری         | اونقدر
کج                  | کجا - کجا - کرد - کرد - کرد
عیب                 | ای
آتشفشانیِ           | آتشفشانی
تپه های             | تپههای - تپههای - تپههای - تپههای
پنت                 | پرینت
لند                 | لندن - لیلا
اجرائیات            | اجرایی یا
ی زندگی             | زندگی - زندگی - زندگی
روح                 | روحیهات
انحنای              | انتها و یا
به جای              | بجای
اعجاز               | اعجاب
هوش                 | پوشاک
شوخ                 | شوق - شوخی
طبعی                | طبیعی - طبیعی
دلتنگش              | دلتنگی هاش
اینکه               | این که - این که - این که - این - این
خطوطی               | خطوط
مابقی               | ما - ما - ما بقیه
نمی داند            | نمیداند - نمیداند - نمیداند - نمیداند
تماما               | تمام من - تمامی
میدید               | میدیم
چتر                 | چت
دارم؟               | دارم
ام مشکلی            | مشکلی
هر حال              | هرحال
اون رو              | اونو
واقعا؟              | واقعا
هر چقدر             | هرچقدر
لذت بخش             | لذتبخش
که در               | در
حمل                 | حمله
پوشه                | پوشند
ها به کِرستن        | بفرستند
گرا                 | گره - گرایی
ستیز                | ستیزی
جابه جایی           | جابجایی
به خاطر             | بخاطر - بخاطر - بخاطر
تاحالا              | تا حالا
شدید                | شدیم
وسواس               | و سپاس - وسط
نامربوطی            | نامربوط
است نمی             | نمی
رویشان              | روی - رویش آن - رویش آن - رویش شان - رویش آن
شدنش                | شدن
برای ما             | برایمان
اغفال               | اقبال
می ترساند           | میترساند
موجهی               | موجه ای - موجه ی
هندسه               | هند سه
ترین                | تمرین - این - تر این - تمرین - تریل - تعیین - تر این - غول تریل - داریم - تمرین - تمرین - تمرین - تمرین - خواهان تمرین - تمرین - این - تمرین
گانه ای             | گونه
گشایانه             | گشایی لانه
موشکافانه ی         | موشکافانهی
روان شناسانه ای     | روانشناسی
بارانیِ             | بارانی
تمایلش              | تمایل
در سه               | درس
آنهایی              | آنها
هستند               | آیند
ژرف -               | ضعف
- او                | او
شناسی؟              | شناسی
عجیب                | عجیبتر
شیلیایی             | شیمیایی
مبهوت               | پودر - و پوک
صنوبر سوئیسی        | سن
ماموت               | ماموریت
بخاطر               | به خاطر
آلپی                | آلپ
می بوسد             | میبوسد
ماشین               | و نیم
اینورلیتِرِس        | این
جرنگ                | بر - لیتر از جنگ جنگ
زاغی                | واقعی
ی درختی             | درختی
هیچکس               | هیچ کس
ی درختان            | درختان
زندگی شان           | زندگیشان - زندگیشان - زندگیشان - زندگیشان
مدام                | مداوم
تکان دهنده          | تکاندهنده
ایم                 | ام - ی - ام - ام - ام - ام - این - ام - ام
به ربیع             | بروی - بروی - بروی - بروی - بروی - بروی - بروی - بروی - بروی - بروی - بروی
ی ده                | ده
چشمان               | چشمانش
غریبه ای            | غریبهای - غریبهای - غریبهای - غریبهای
و کِرستن            | بفرستد
می                  | خواهند - را - میخوای - نمیآید
کنند                | کرد - کند - کند
ملالت               | ملال
بکُشند              | بکشند
صفحه ی              | سطحی - سطحی - سطحی - سطحی
کرستن               | رستم - فرستادن - رستم - پرسیدن - ترسیدن - ام - رسیدن - پوسته - رسیدن - میخوراندند - فرستادن - فرستادن - کوهستان - کریستال - کریستال - یک رشته - پرسیدن - تر هستن - فرستاد - کوهستان - کوهستان - درسته - فرستاد - رفتن - فرستم - بفرستند - پرستار - بفرستند - کوهستان - رستم - رفته - کوهستان - رسیدن - رستم - یک رشته - کوهستان - رستم - پیوستن - کوهستان - فرستادن - فرستاد - کریستال - رستم - تو هستند - کوهستان - پرستاری - کوهستان - رسیدن - کوهستان - فرصتها - پرستند - رسیدن - کوهستان - فرستادن - رستم - رفتن - رفتن - کاستن - کوهستان - کوهستان - هستند - راسل - کریستال - پرستار - فرصتها - فرصتها - کوهستان - خسته - فرستادن - گرسنه - پرستند - کریستال - رسیدن - رفتن - پیوستن - فرستاد - یک فرصتها - کوهستان - کوهستان - رشته - فرستاد - پرستاری - فرستاد - کوهستان - که استراحت - فهرست - پرستار - کاستن - هستن - رفتند - گرسنه - فرستادن - گرسنه - کرایه - رسیدن - دهان - دهان - کوهستان - عیوب رفتن - کوهستان - نگرفتند - رفتن - کوهستان - رستم - فرستاد - رفتن - رسیدن - کوهستان - رستم - خواستند - رشته - درسته - کوهستان - رفتن - حالت فرستاد - رسیدن - رفتن - کریستال - کوهستان - کاستن - فرصتها - تابستان - فرستادن - فرستاد - رستم - فرستاد - یک - کوهستان - رسیدن - کردستان - رستم - کوهستانی - رستم - فهرست - رسمی - کوهستان - رفتن - کوهستان - فرصتها - و رستم - رستم - کوهستانی - رسیدن - کوهستان - رسیدن - فرصتها - پرستار - گرفتن - فرصتها - شکستن - یک رسیدن - رستم - کوهستان - یک راستین - کوهستان - فرصتها - فرستند - فرستاد - رستم - کوهستان - نشان رسمی - رستم - کوهستان - رسیدن - فرصتها - خواستن - راست - یک رسیدن - کوهستان - فرستادن - فرستاد - رسیدن - رستم - یک واسطه - کوهستان - فرصتها - کریستین - رستم - کوهستان - رفتن - فرستند - پرستار - کاستن - رسیدن - رست - پرستار - کوهستان - رفتن - کوهستان - پرستند - گرفتن - رسیدن - رسیدن - فرستادن - فرصتها - پرستار - فرصتها - هستن - کوهستان - کوهستان - است کردستان - پرستند - کوهستان - فرصتها - کوهستان - کوهستان - پرستار - کریستین - کوهستان - یک رسیدن - کوهستان - فرصتها - کریستین - کوهستان - کریستین - کوهستان - رشته - کریستال - کوهستان - یک رسیدن - رستم - کوهستان - کوهستان - یک رسیدن - کوهستان - کریستال - فرستادن - رسیدن - کوهستان - یک رفتن - یک رسیدن - کوهستان - فرستاد - گرسنه - یک رشته - فرستادند - کریستال - کوهستان - یک رسیدن - فرستاده - کریستال - کاستن - کوهستان - رسیدن - رفتن - شکستن - کوهستان - رسیدن - پوسته - کوهستان - کوهستان - پرستند - پرستار - کوهستان - پرستار - که هستن - ام - پرستاری - پرستار - فرصتها - فرستاد - رسیدن - کوهستان - کوهستان - یک کوهستان - رشته - یک رسیدن - کوهستان - یک رسیدن - فرصتها - رفتن - پرستاری - یک رسیدن - پرستش - کوهستان - کوهستان - پرستند - کوهستان - فرستاد - رست - پرسنل
پرتبلو              | پرتاب لو
فورس                | فارس
آن جا               | آنجا - آنجا - آنجا - آنجا - آنجا
راه                 | را
است ربیع            | هست - روی
پرینسس              | پرینت سپس
ی خودش              | خودش
آلبالویی            | آلبانیایی - آلبانیایی
تلاشش               | تلاش
را که               | اراک
دنده اش             | دندان
جایش                | جایزه - جایشان - جایشان - جایشان
در می               | درمی
می چرخد             | میچرخد
سرخوردگی            | سرماخوردگی - سر - سرماخوردگی - سر خوردگی
فوران               | اش توران
رو                  | را - روى - را - چپ را - مون - را - را - را - را
می کند              | میکند - میکند - میکند - میکند
دنده                | در
زنجیر               | زنجیره
ریلش                | ریزش
دست هایش            | دستهایش
می شود              | میشود - میشود - میشود - میشود - میشود - میشود - میشود - میشود - میشود
ویژگی هایی          | ویژگیهایی - ویژگیهایی
کمبودهای            | کم بوده ای
کاوشی               | کاووس
این که              | اینکه - اینکه - اینکه - اینکه - اینکه - اینکه - اینکه - اینکه
نظرش                | نگرش - نورش
ستوه                | سطوح
نمی آید             | نمیآید
این ها              | اینها - اینها - اینها - اینها - اینها
محاسن               | محاسبه
جدیدش               | جدید اش - جدید - جدید در - جدید - جدیدت
ای دارد             | دارد
دقیقاً              | دقیقا - دقیقا
ی موقتی             | موقتا
واکنشی              | واکنش - واکنش - واکنش - واکنش
ویژگی های           | ویژگیهای - ویژگیهای
آرزوی               | آرزو
ناکامل              | ناکامی
می گیرد             | میگیرد - میگیرد
نقصان               | نقص - نوع
خویشاوندانش         | خویشاوندان اش
ی کوچک              | کوچک
رنگ ها              | رنگها
دهاتی               | دهه آتی
شدیداً              | شدیدا
جذب                 | جاذبه
وجودشان             | وجود شان
پریدگی              | پریده گیر
اشعه ی              | اشاعه
پوستری              | بستری
فاس                 | فاز
آن چه               | آنچه
دریافته             | یافته
و برایش             | برایش
لبنانی              | لبنان - لبنان
عمران               | عمرا
هواپیماست           | هواپیما
داستان هایی         | داستانهایی
آتن و               | آتنا
دورانی              | دوران - دوران - دوران
هم                  | حمله - همان - همان - که رویهم - همان - همان - همان - همان - همان - همان - همان - همان - همه - همان
لحظات               | حضرت
زبان های            | زبانهای
حرف های             | حرفهای - حرفهای
ی این               | این - این - این
زبان ها             | زبانها
زیتونی              | زیتون
می نشیند            | مینشیند - مینشیند - مینشیند
درازش               | دراز کش
ظریفند              | ظریف چند
چه طور              | چطور
مکتوس               | مک دوس
تبوله               | طبله
کارتوفل             | کارتو فعل
می خوراند کرستن     | رستم
جست وجوی            | جستجوی - جستجوی
متأثر               | متاثر
به خصوص             | بخصوص - بخصوص
در                  | دغدغه - دریا
قبال                | بال - اقبال
آن ها               | آنها - آنها - آنها - آنها - آنها - آنها - آنها - آنها - آنها - آنها
مصونیم              | مصونیت
مان                 | من - کمان - امان - امان
گین و               | گنو
ناتوان              | ناتوانی - ناتوانی - ناتوانی - نا توان
یقین                | یقه - یقینا - یقه - یقه - یقه
نقشی                | نقش
ی تجربه             | تجربه
ی مشترک             | مشترک
یک دیگر             | یکدیگر - یکدیگر
نزدیک تر            | نزدیکتر
اینورنست            | اینور نصف - این
آن سوی              | آنسوی
او کرستن            | ارکستر
بره                 | بر
شوق و               | شغل
سکوی                | سکو ی
آغوشش               | آغوش
می کشد              | میکشد - میکشد
تقریباً             | تقریبا - تقریبا
رو به               | روبه
رباست               | ربا است
ویژگی               | ویژگى
خانه های            | خانههای - خانههای - خانههای
روبه روی            | روبروی
ای قرار             | قرار - قرار
آدم                 | برنز - آدمهایی
بزرگ                | آدمبزرگی
دارد                | دارند
ی خون               | خون
مکلیلاند            | مثلی الان - مثلی لانه
داستان های          | داستانهای - داستانهای - داستانهای
خصوص حتماً به یاد   | یاد
می فهماند           | میفهماند
چه                  | چقدر
قدر دوست شان        | دوستشان
چه قدر              | چقدر
مأیوس               | معیوب - معکوس
خورند               | نمیخورند
ی معلومات           | معلومم
تلویزیون            | تلوزیون
مهدکودک             | مهد کودک
تعمیدش              | تعمید اش
مقبول               | معقول
دندان هایی          | دندانهای
ی کتاب ها           | کتابها
استخوانی            | استخوانهای
ژولیده              | یو دیده - جولی ده
جسور                | جاسوس
شرت                 | شرط
ابردین              | آوردیم - ابر دین - آوردی - آوردیم - برلین - آوردیم
ی حقوق              | حقوق
و حسابداری          | حسابداری
دست نخورده          | دستنخورده
باقی مانده          | باقیمانده
لباس هایی           | لباسهای
جارختی              | جا رختی
ی مدرسه             | مدرسه
منس                 | من
فیلدپارک            | فیلم پارک
پنگوئن              | تنگ
گرستن               | بودن پیوستن
بلوغ                | بلوک - بلوک - بلوک - بلوک - بلوک - بلوک
فنی                 | سنی
پرایس               | پراز
تختش                | تخته ش - تخته
و نیم               | ولی
کرودلبی             | کروکی دربی
کوچکی               | کوچک
بر                  | بعد
متأسفم              | متاسفم
گرداگرد             | گرد آورد
موقتی               | موقت
می شده              | شده - شده
می کرده             | میکرده - میکرده - میکرده
اس به               | به
ژاکتی               | ژاکت
ی نه                | نه
کامرول              | کامل
می فرستد            | میفرستد
فرستند              | فرستاده
داده                | داد
جفا                 | جفت پا
ماهیتی              | محیطی
ویرانگرتر           | ویرانگر تر
ی عاشق              | عاشق
روز                 | او است
ی خود               | خود - خود
ی ربیع              | روی
تری                 | بطری - طرح - تر
فرقه ای             | فرعی
بندها               | بنده
حمله ی              | حملهی
رفتن شان            | رفتنشان
اسکلت               | اسکله
رجوع                | مراجعه
کاملاً              | کاملا
می میرد             | میمیرد
یک سال              | یکسال
نمی کشد             | نمیکشد - نمیکشد - نمیکشد
مزاج                | موضوعات
کادیز               | کادر
شوقی                | شغلی
سال ها              | سالها - سالها - سالها - سالها
تسلّی               | تسلی
آمریکا              | امریکا
جلویی               | جلوی - جلوی
می ریخته            | میریخت
زده                 | زد
کشیده               | کشید
آن قدر              | آنقدر - آنقدر
می داده             | میداده - میداده
یک بار              | یکبار
ژاپن                | جا پل
دفترهایی            | دفتر هایی
فیبر                | فیلتر
آزتک                | استیک
می گفتند            | میگفتند
اشنایدر             | آشنایی
مدفون               | متحول
نیاورده             | نیاورد - نیاورد
درک                 | در
بیش تر              | بیشتر
حتا                 | حتی - حتی - حتی
می فهمد             | میفهمد - میفهمد - میفهمد
کیستیم              | کریستین
می کنند             | میکنند - میکنند
شمّ                 | شنبه
سرافکنده            | سر افکنده
هستی                | هستید
وبسایت              | وب سایتها
ی ماشین             | ماشین - ماشین
همکارش              | هم کارش
مردد                | مجدد - مزد
کسر                 | کسب
یا نه               | یانه - یانه - یانه - یانه
بزنی                | بزنید
اصلاً               | اصلا - اصلا
عصبانیتش            | عصبانیت اش
مراحلی              | مرا حلی
کرختی               | کرسی
می شناسد            | میشناسد - میشناسد - میشناسد
در می یابد          | درمیابد
می ترسد             | میترسد - میترسد - میترسد - میترسد
مذکر                | مذاکره
گوشه                | گوش
او                  | اون - گشت
می کنه              | میکنه
فرضاً               | فرزند
بر می               | برمی
سیرتی               | صورتی
قبلاً               | قبلا - قبلا
ای روی              | رویا
عرف                 | ارث
برملا               | بر ملال - بر ملت - بر ملت
معتقد               | معترض
آن قدری             | آنقدر
موقر                | موقت
متعادل              | متعالی
متعارف              | و متعارفیه - مان متعارفیه
بچگانه              | و چگونه
طخز                 | تخت - تخصص
چندبعدی             | چند بعدی
ی این ها            | اینها
با این که           | بااینکه
ی استیک             | استیک
آرژانتینیوس         | آرژانتین یوسف
پرسدون              | پرستاران
های خنده            | خنده
هامبورگ             | همبرگر
ی هنرهای            | هنرهای
صیاد                | سیاره
لابستر              | لبه لباس ها - وابسته - و بستر
ی عجیب              | عجیب
را                  | نمیفهمد - ایراد - رابطه - اجرا
نمی فهمد آن ها      | آنها
گوشانه ی            | گوساله
ورجه                | و
وورجه               | جورج
سواری               | سوار
بروبرگرد            | برو برگرد
مهمان های           | میهمانان
وفایی               | وفای - وفای
روزافزون            | روز
آن ها              | آنها
رویی های            | رویاهای
هردو                | هر
مشترکاً             | دو مشترک را
رازی                | راضی
تبعاً               | تپه
مجبورند             | مجبورن
ای را               | را - را - را - را
نام هایی            | نامهایی
کاغذبازی            | کاغذ بازی
مستعاری             | مسترد آری
هردوی               | هر - هردو
آن                  | دوی - آنها - آنهاست
دربیاید در          | در بیاید در
تکل                 | تکه - تکه
ی فوق العاده        | فوقالعاده
رک                  | رب
گو                  | گوجه
زبروزرنگ            | زبر
بااراده             | زرنگ و با اراده
متبادر              | متعاقبا در - مطب قادر
سفوف                | سقفی
لبنانی است          | نیز
رازیانه             | راضیم شانه
اغذیه               | عقد - قضیه
نیکلسون             | نیک
ملاحت               | ملاحظات
مجسم                | مجسمه - مجسمه - مجسمه
آغوشی               | گوشی - گوشی - گوشی - گوشی - گوشی - گوشی - گوشی - گوشی - گوشی - آغوش - گوشی - گوشی - گوشی
رستورانی            | رستوران
هاو                 | ها و
آکواریومی           | اکبری عمومی
پر از               | پراز
یشان                | ایشان
صمیمیتی             | صمیمیت
آشنای               | آشنایی
از بین              | ازبین - ازبین - ازبین
بخورید              | بخوریم
این                 | یه - اینجا - بن
نقلی                | نقلیه
زیبای               | زیبایی
دیوارهایش           | دیوارهای ش
تخت خواب            | تختخواب - تختخواب
بابونه              | با گونه
دوستانه             | دوستان
چیزهای              | چیزای
میشی                | میشید
قل قل               | غلغله
پدیده ای            | پدیدهای
فیزیولوژیکی         | فیزیک علوم نیکی
تهیج و              | جا
حواس                | اواسط
باورها              | باور ها
و شرم               | بشر
آن است              | آنهاست
ژرژ ساند            | جلسات
ورقی                | و - برقی
ژرژ                 | رقیب
ساند                | نرساند
هشتاد               | هشت نود
الی                 | اعلام
هزارو هشتصد         | هزار
هفتاد               | هشتصد
متن                 | مطلب - مد
کریتن               | کوهستان
ات ادامه            | ادامه
پرده ها             | پردهها - پردهها
از سر               | اثر - اثر - اثر
حال که              | پارک
امیالی              | امیال - امیال
وقیح و              | بقیه
رقت                 | رقابت - درخت - رقابت
می شدند             | میشدند - میشدند - میشدند
دو دوطرفه           | دوطرفه
بفرمایید            | بفرمایین
خب                  | خوب - خوب
همون                | همان - همان
این طور             | اینطور
نیرویی              | نیروی
بگوییم              | بگویم
خواسته              | خواست - خواست
از چه               | چه
نالازم              | لازم
بهشان               | بهشون - بهشون - بهشون - شان - بهشون - بهشون - بهشون
اعصار               | آثار - آثار
داشته ایم           | داشت
نابی                | نابینا
شگفت انگیز          | شگفتانگیز - شگفتانگیز
این روز             | امروز
میلرزند             | میلرزد
ای برای             | برای - برای
میخواند             | می
گه                  | خواند
گاه                 | گهگاه
ترسیده              | ترسید - ترسیدم - ترسیدم - پرسیده - ترسید - ترسیدی - ترسید - ترسید
هراس                | حراست - حراست - حراست - حراست
ی کافی              | کافی
والدی               | والدین
حجب                 | حجاب
حیای                | حیا
منظورمان            | منظور همان
ملا                 | ملال - ملول - ملت
دریافته ایم         | دریافتهایم
شرم                 | شرح
خطایی               | خطای - خطای - خطای - خطای
اوتیلی              | قوطی
عمه اش              | عمهاش
کرنیک               | کنید
جبرش                | جنبش
کلاسی               | کلاسیک - کلاسیک
هوشش                | هوش
خطا                 | خط
ذره ای              | ضررهای
شعورش               | شورش
تصغیری              | تصویری
کشمیر               | کش میر
موهایش              | موهایم - موهایم - موهایم - موهایم
دسته ای             | دستهای - دستهای
پروا                | پروایی
هفته ها             | هفتهها
ناخودآگاهش          | ناخودآگاه هشت - ناخودآگاه هشت
مصون                | مسئول
ای بوده             | بوده - بوده
دوست                | دوس - دوس - دوستت
ی سالمندان          | سالمندان
تکالیف              | تکلیف
ی جغرافیا           | جغرافیایی
نمیگنجیده           | نمیگنجید
طفره                | طفل - تفریح
روشنفکرانه          | روشنفکر ایران
خواب                | خوابه
مقری                | مقرری
اکتشافات            | اغتشاشات
مرسوم               | معصوم
محتملی              | محتمل
وجودی               | وجود
درک,                | درک
همدلی,              | همدلیشون
اطمینان,            | اطمینان
یگانگی,             | یگانهای
حل های              | حلهای
نمادین              | نمادی
ترس های             | ترسهای - ترسهای
آهی                 | آگاهی
معشوقش              | معشوقه اش - معشوقه اش - معشوقه
شریکش               | شریک کشف
مساوات              | مسابقات
عرفی                | غرفه
واژه های            | واژههای - واژههای - واژههای
ناشایست             | ناشکری است - ناشکری است
میزده               | میزدن
بزرگسالی            | بزرگ سالی - بزرگسالان - بزرگسالان - بزرگسالان - بزرگ سالی - بزرگ سالی
خشونتی              | خشونت
بالغی               | بالغ - بالغ - بالغ
زوجی                | زوج - زوج
ماندگی              | ماندگار
مقتدر               | معتدل
دپارتمان            | آپارتمان
درآمدش              | درآمدهای
مطیع                | مدتی
مآب                 | و آب
نمیرسیده            | نمیرسید
ولع                 | و لا - و لب
کفایی               | کسایی
لیاقت               | ریاست - ریاست
ضعیفترش             | ضعیف ترش
مآبی                | و آبی
وجودش               | وجود وجودم - وجود داشت
سزاوار              | عزا وارد - عزا
معاونی              | معاون نیز
بندهایی             | بندهای
کششی                | کشید
یشم                 | گشت
بوسفور              | بصورت
روا می              | روانی - روانی
سناریوهای           | سناریویی
بتواره              | بتوان
پرستانه             | پرستاری
قسمت های            | قسمتهایی
فرصتهایی            | فرصتهای - فرصتهای
مجال                | مجلس
های آرمانی          | آلمانی
و واقعی             | واقعی
حفاظ                | حفاظت
مقبولیت             | مقبول آیت - بهای مقبول نیت
طرفه                | طرف
انگیزند             | انگیز زند
ورزند"              | ورزند
اینورننس            | این برنز
جورابهای            | جور ابرهای
ی آب                | آب
طرز ماهرانه ای      | ماهرانهی
کارهای              | کافه ای
خرابه های           | خرابههای
اندرو               | اندروید
وصلت                | و - وصله
بات                 | باد
کبوترها             | کبوتری
خورده               | خوردن
نان                 | هاى
نیلان               | لیلا
ای می               | می
متوصل               | متوسط
ی کسی               | کسی - کسی
نت                  | نوع
نخوانده             | ناخوانده - ناخوانده
کر                  | پر
از ربیع             | عربی
و کرستن             | ارکستر - ارکستر - کفتار - اوکراین - ازبکستان - ارکستر - ارکستر - کفتار - کفتار - کفتار - ازبکستان - کفتار - کفتار - کفتار - فرصتها
هایلندز             | هایلند
قطاری               | قطار ی
دانسته              | دانست
میپیچند             | میپیچد
اندازه ی            | اندازهی - اندازهی
اشکی                | اشک
بااین حال           | بااینحال
بدشان               | بدنشان
خوشحالی ای          | خوشحالیم
آشناست              | آشنا است - آشنا است
معشوق               | معشوقه
بینشان              | بینشون - بینشون - بی نشان - بی نشان - بین نشان - بین - بین نشان - بی نشانه - کوکتل بی نشان - بینشون - بی نشان - بین - بینشون
شناخته              | شناختند
اند ربیع            | روی - روی
رنکی                | رنگی
جمع آوری            | جمعآوری
به کرستن            | بفرستند - بفرستند - بفرستند - بفرستند - بفرستند - بفرستند - بفرستند - بفرستند - بفرستند - بفرستند - بفرستند - بفرستند
کرنا                | کرنش ها
خواسته ای           | خواستهای - خواستهای - خواستهای
به حال              | بحال
صاعقه               | سابق
و                   | او - یا - طرح تازه - دکور - تا - وکیل - آدرس - آدرس - سیل - نسخه - با - ونک - ونک - ذره - تو - وفا - نامه - لانه - بنام - بود - جانا - بنا - نسخه - دارو - بچاپ - کار - او
راسخش               | راس خشن
موشکافانه           | موشکافانهی - موشکافانهی
زناشویی             | زنا شویی - زنا شویی - زنا شویی - زنا شویی - زنا شویی - زنا شویی - زنا شویی - زن و شویی - زنا - زنا
ست                  | است - است - است
صبوری               | صبور - صبور
تفاصیل              | تفصیل
مشتاقیم             | مشتاق این
انگیزه های          | انگیزههای
منسجم               | منزجر - منزجر - منزجر
عقلانی              | عقل آنی - عقد لانه - عقل آنی
بلندش               | بلندگو
هوشی                | گوشی
نامتعارف            | نامتعادل - نا متعارفیه
ماهی                | ماهیت
کاد                 | کار
ملاحتش              | ملاحظات اش
پرز                 | پرس
ی جدی               | جدی
نگذرانده            | نگذرانند - نه
بدگمانی             | بدگمان - بدگمان
می انجامد           | میانجامد
تصوری               | تصور - تصور - تصور - تصور
خانواده ی           | خانوادهی - خانوادهی
پرورشگاه            | پرورش
شده                 | شد
منظری               | منظوری - منظر
مصلحتی              | مسأله
متعصبانه            | حتی
متکبرانه            | متاسفانه متشکر برانی
گرانه               | گرانی
اجحاف               | حجاب
واسطه               | واسطهی
های مفلوک           | مخلوط
خواسته های          | خواستههای - خواستههای - خواستههای
مدبرانه تر          | مدت
هردویشان            | هردو
تازه                | ایشان
نوجوانیشان          | تاز نوجوان ایشان
پنداشته             | پنداشت - پنداشت
همسنگ               | همسنجی
فجایعی              | فضایی - فجیعی - فجیعی
خردمندانه           | خردمندان - خردمندان - خردمندان
و منزلت             | منزلتان
پرلشز               | ها پرپشت
دوبرنو              | دو به رونق
ادیت                | عدد
پیاف                | پیاز
و پنیر              | پنیر
چنگلهای             | جنگلهای
صید                 | سید
شرشمیدی             | شارژ میدی
بوتیک               | قوطی که
گانه                | گونه - گونه - گران - گونه - دانه
شیکی                | شیک
سری                 | سریع - سریع
دابی                | بادامی - داوید - دادی - داور
پشمالویی            | پشم معلول
و کله               | کل
زن                  | زنی - زنه
ثروتمندی            | ثروتمند
مرچیستن             | مرد چیستند
بیوه                | بی
نحیف                | نه حیف
خانوادگیشان         | خانوادگی ایشان
ارنی                | علمی
مختصری              | مختصر این
تومری               | تو ماری
فقراتش              | فقرا آتش
اندازه گیری         | اندازهگیری
استخوانی اش         | استخوانش
انصافا              | انصافه
ریتمی               | ریتم
غربال               | غرب
ریزتری              | بال ریز طریق
ذرات                | نظرات
ایکیا               | نیا - یکیه
مدلها               | مدلهاى
کویین               | کنین
ورودشان             | ورود ایشان
نگذشته              | نه گذشته
فبیولس              | قبیله
گادیس               | قادر
دیکته               | دیگ
شود                 | بشود
درشون               | دهنشون
بیاریم              | بیارین
دم                  | دهم
تجملی               | تجمع
اعصابش              | ملی اعصابم
منظورتو             | منظور تو
اینا                | عینا
و تازه تر به        | به
آستین های           | آستینهای
روزو                | روز
وایسیم              | وای
پرخاش               | پرخاشگری
فبیولسو             | قبیله صبح
افتضاحن             | افتضاح حل
وقتشان              | وقتش
با اینحال           | بااینحال - بااینحال - بااینحال
توجهشان             | توجهش آن
ایکیا می            | نیامی
میگذرند             | میگذرانند
مقموم               | مقدم
منطقه ای            | منطقهای
داندی               | دانشجویی
منصبان              | من زبان
تزی                 | پزی
تکتونیک             | تکانی که
الکساندر            | الکس
با                  | اندر - بالا - بالا - بالا - بالا
اینحال              | بااینحال
سوز                 | سود
وزش                 | وزنش
باد                 | با
گوران               | آن
گیرها               | گیرنده
میز                 | نیز
اوریگانو            | امریکا نو
مایری               | ماهیگیری - ماهیگیری
ذهنم                | ذهنیت
می آیند             | میآیند - میآیند
فرضا                | فرزند
پرطمطراق            | بردم
کن                  | کرد - کند - کند
روندی               | روند
ترجیحا              | ترجیح
صبورانه             | صبور ایران - صبور لانه
خطراتی              | خطرات
وسط                 | و سطح
شنونده های          | شنوندگان
دایناسور            | دایناسورها
زره                 | ذره
پوستی               | پوست
معدنی               | مدنی
گلسکو               | لبو
روشها               | روشهای
نکوهشگرانه          | نکوهش گران
میاییم              | بیاییم
ویرانگری            | ویرانگر
میپرورانیم          | میپروراند
گفتگو ی             | گفتگوهای
دیوانه              | دیوان
درگیرش              | درگیر
تخیلش               | تخیلی
مصالحه              | مطالعه
بدی                 | بعدی
ی آرام              | آرام
داشبورد             | برد
مگویی               | مگو ی
کند؟                | کند - کند - کند - کند
بَدَخشان            | بدخشان
آب                  | اب
مستاصل              | مستقل
های شلی             | سوختی
متصل                | متولد
تیزهوشی             | تیز گوشی
سادیسمی             | ساده زیستی
مشتاقانه            | زمستان
ام                  | هم - هم
ناخودآگاهم          | ناخودآگاه هم
دیدگاهش             | دید کاهش
این گونه            | گونه
ترسه                | ترس
شگردیه              | شاگرد ایه
غافلگیری            | غافلگیر ی
دلهره               | دلخور - دلخور
دارن                | دارند
یه                  | این - یا - یک - این
کودکیم              | کودکی
گذروندم             | گذراندم
حسم                 | هستم
چنینی               | چنین - نیمی
ریشه های            | ریشههای
عازم                | ازم
ماوریگانو           | امریکا نه
عصبانیتی            | عصبانیت - عصبانیت
مخالفت های          | مخالفتهای
ضعف                 | ظرفهای شخصیت - ظرفهای - به - صفای
شخصیتی رقت          | رغبت
دویشان              | دوی ایشان
هانا                | حالا
مظلوم               | مجنون
کز                  | کسب
تیتیش               | سنتی پیش
خطابش               | خطاب
آزادانه             | آزادان
اندیشیدن            | اندیشیدند
آرومی               | آروم
می گذرونیم          | میگذرونیم
حالاتی              | حالا تی
تنگناترسی           | تنگ نه ترسی
تحسین               | تحصیل - تنظیم
ملاطفت              | ملاط فتح
چرخ                 | چرخه
طرفانه              | طرف خانه
سومی                | سوم - سوم
جویا                | جویی یا
اقراری              | اقرار
سرخوشانه            | سر خوششان
کشمکشهایشان         | کشمکشهای
روزمره              | روز برهی
کماکان              | و کن - روی - کمال کن
گری ها              | گریه
- زندگی             | زندگی
فجایع               | فضای - و جای
- و                 | و
خشم                 | خوشمزه
تجربگی              | تجربه بگی
عبوسانه             | اوزان
کوبیدن              | کوبیدند
پاسخ هایی           | پاسخهایی
نمی رود             | نمیرود
متحیر               | متحول - متحمل
کشمکش               | کشمکشهای
هایمان              | مان - هامان
توام                | هم
تفریحگاه            | تفریح
اینباکس             | این باکس
شوخی های            | شوخیهای
تمهیدات             | تعهدات
نما های کلی         | کلیپ
دهند                | دهد
صریح                | سریع - سریع - سریع
انتزاعی             | انتظامی
عظمت                | از امت
آیکیا               | یکیه - اعتیاد - یکیو
لَمِرمیور           | لر می آورد
مدت ها              | مدتها
عملی                | عمل
خشمی                | خشم - خشم
میرهاند             | میرساند
که تا               | کتاب
سنگ های             | سنگهای
رسوبی               | روز خوبی
اوردویسین           | اردوگاه
سیلورین             | در سیل بریم
آن اند              | آنست
کشمکشی              | کشمکش
کیهانی              | کیهان
متمادی              | متعالی
افق                 | آفاق - آفاق
خدشه                | خط
یلوه های            | گلولهی
پاشلک               | پاش لک
سلیم                | صلیب
پی                  | پیپ
پت                  | تا
الدوله              | و
نه                  | دل و - که
انگشتانه            | انگشتان
استکانی             | استکان
نه سه               | مثل
فل کلاف             | فلوت
شبدر                | شب در
میچرند ربیع         | میچرخند
هم سر               | همسر
زده اند             | زدهاند - زدهاند
نیروهایس            | نیروهای
متذکر               | متفکر
دونز                | دونم
یادشان              | یادش هم
چای                 | جای
اس والکا            | استقبال کار
عملا                | عمل
ها در               | در
بو                  | بود
شبی                 | شبیه - شبیه
قناعت               | قرائت - غنا از
مشخصا               | مشخص آن - مشخصات
مذهبش               | مذهب مذهبی
کاترین              | کتری - کادر این
شوهر!               | شوهر
عجب!                | عجب
ناهمخوانی           | نو همخوانی
ریشو                | ریشه
خواه                | خواهد
میکنی؟              | میکنی - میکنی
تو یه               | توی - توی
شهریه               | شهری
گیجم                | گیجی
معماره              | معماری
میشینیم             | میشینی
گیزه                | چیزهای
بشه؟                | بشه
قهقه                | قهوه
صدایی               | صدای
بابا!               | بابا
دهد برو             | برو
تنهام               | تنها
مصرانه              | مسافران - مثل ران - ما سرانه
عمق                 | عمر
مصر                 | مستقل - مثل
خودِ                | خود
مزیتیست             | موقعیت ایست
ناگفته              | نام گفته
موهبت های           | محبتهای
کنارتم              | کنار تم
رفته؟               | رفته
نوپای               | نوپا ی
ربط                 | رفت
درج                 | درد
زرورق               | ضرورت
عطف                 | عطسه
مجاور               | مجاورت - مجاورت
خوب                 | خوبه
بودنش               | بودن
بودند؟              | بودند
می بیند؟            | میبیند
انگاره ای           | انگاری
بدو                 | بدن
حدس                 | حبس - حبس - حتی
ورای                | برای - برای - برای - برای - برای
بیاوریمش            | بیاوریم
سخنورترین           | سخن برتری این
فهمیده اش           | فهمیدن
دهان                | به
تنفسش               | تنفس
روی دستش            | دستش
عسلی                | اصلی
ام منو              | منو
شوراست              | شورای
می دهد              | میدهد - میدهد
تضاد                | تضادها
ترحم                | طرح - توهم - طرح آن
انگیزی              | و انگیزه های
ناخوشیم             | ناخوشی هم
جوانه های           | جوانان
روییده              | رو ایده
اطرافیانم           | اطرافیان هم
را حدس              | راحت
خلقی                | حلقه - حلقه پشیمانی - خلق
بهترین              | بهتر این
واقفیم              | واقف شویم
سال تر              | هیتلر
سرک                 | صرف
درونمان             | درون مان
زبان                | زبانه
هفتۀ                | هفته
خوانند              | خواند
داردمخمصه           | دارد مخمصه
شونا                | شنا - اونا - شنا - شنا
پسر                 | پسرش
اَالس ِ در          | الاصل
اینورنس             | این درس - این ورزش - اینترنت
تازگی ترفیع         | اخیرا
هر جور              | پرتال
غیرخطی              | غیر خطی
هم زمان             | همزمان - همزمان
هم به               | به
دیلی                | دلیر
رکورد است           | کردهاست
هولناک              | حوله حلال - هولناکی
شاعرانه ای          | شاعرانی
شمشیر               | شمشیری
عتیقه ای            | عتیقهی
حومخ                | حومه
آخرترماختی          | لوح گلی
درحالی              | در حالی
وچهارساله           | و چهار ساله
خان                 | خفن
فک                  | فکر
همۀ                 | همه
حرف هایی            | حرفهایی
می زنم              | میزنم
می تونی             | میتونی
هر وقت              | هروقت
خفه ش               | خفش
می دم               | میدم
بالیی               | بلایی
زن بیچاره           | بیچاره
لوخگلی              | لوح گلی
تو                  | توی - و - و - جو - تا
دیزنی               | دیر
میاد                | بیاد
دندۀ                | دنده
فایف                | فایل
مخمصۀ               | مخمصه
انجلو               | آن جلو - آن جلو
سیسیلی              | سیل
اورکنی              | الکلی
ویک                 | و یک
آنتونال             | لا
که به               | به
وآمد                | و آمده
همان طور            | همانطور
مانور               | با نور - منو
قدبلند              | قد بلند
مشتری ها            | مشتریها
وهوا                | و هوا
مشتری های           | مشتریها
می شناسند           | میشناسند
دربارۀ              | درباره
سرزنده              | سر زنده - سر
نشسته               | نشستند
اند می رساند        | میرساند
قرارهای             | قرار هاى
اهلش                | عقلش
زنجیری              | زنجیره
هیچ منظور           | منظور
یک قسمت             | قسمتی
تعهداتش             | تعهدات
اسپرسوساز           | اسپرم ساز
طبقۀ                | طبقه
انتونال             | آنتن لا
جعبه                | جاذبه
بازنشده             | باز نشده
پرتوی               | پرتو
کهربایی             | رو
پریدۀ               | پریده
لباس های            | لباسهای - لباسهای
آنتونالکه           | آنتن
روی                 | لا - رو - رأی - همان روح - رو
افتاده اند          | افتادند
نشئت                | نشات
جسمشان              | جسم شان
ایدئولوژی           | ایده اولویت
سکولار              | سکونت
بایسته              | بایستی
هم نسلان            | همنسلانش
باوری               | باور ی - باورش
وفاداری             | فساد اداری
گهگاهی              | گاهی
فیروزه ای           | فیروزکوه
شرجی                | شرح جی
گرفتند              | گرفتن
عزا                 | اعضا
خالیه               | خالی
ام و                | اما
میشم                | میشن
سختگیرانه           | سختگیرانهای - سختگیرانهای
کاتولیکم            | هم
تخصصم               | تخصص هم
میلرزه              | میلرزید
زانوی               | زانو
چپت                 | یا
بل و یک             | یک
کنجکاوش             | کنجکاو
ساخته اند           | ساختند
صلیب و              | سنی
تسمه                | تصمیم
مسیحی-رمانتیسم      | مسیحی
مبنی بر             | رمانتیک
بنماید              | به نماید - به نماید
آغوش                | او
فاحشی               | فاحش
ریمینی              | ری مینی
خجالتیه             | خجالتی
جذابی               | جذاب
منظورت              | منظور
آنتونلا             | آنتن لا - آنتن لا - انتها لا - آنتن لا - انتها لا
نه لزوما            | لزوما
ریشخند              | ریش قند
خان!                | خان
شیفتش               | شیفتگی
گراپا               | را پا
معذبه               | معذب
مارکو               | مارک و
مکانیکه             | مکانیک
حسوده               | حسود
دلیله               | دلیل
خوبه؟               | خوبه
انحرافه             | انحراف
داشتنی ایه          | داشتنیه
و ربیع              | روی
حرف                 | هر - حرفها
کافه                | کافی
بریوشی              | به ریسک - بریس - بری اسکی
وجهه ی              | وجههی
وفادارانه           | وفاداری خانه
نیرومندانه          | نیرومند دانه
مستحکمی             | مستحق کمی
اِوِن               | اولین - اولین - اول - عنوان - اولین
راهبرد              | راه برد
کالتون              | کارتون
هیل                 | حیله
بسنده               | و - بلنده
بشوند               | شوند
گِما                | ما
واردی               | وارده
محاسباتش            | محاسبه آتش
اما هیچوقت          | اماهیچوقت
زیرکاه              | زیره کاه
کناره گیری          | کنارهگیری
انتونلا             | انتها لا - انتها لاک - آنتن لا - آنتن اولا
نافرجام             | نام فرجام - نفر جام
رنجشی               | رنجی
با این              | بااین - این - بااین
جنبه های            | جنبههای - جنبههای - جنبههای - جنبههای - جنبههای
صریحا               | سریع حل
گرانبهای            | گران - گران بهای
اسبابش              | اسباب اش
والدینی             | والدین - والدین
پرخاشگر             | پرخاشگری - پرخاشگری - پرخاشگری
آورده اند           | آوردند - آوردند
فرزندانشان          | فرزندان شان - فرزندان شان
تندخو               | تند خوب
بعلبک               | بلبل
اجدادی              | اجداد
دیرینه              | یا دیر اینه
محافظه              | محافظت
موازین خان          | مغازه
نمی کرد             | نمیکرد - نمیکرد
تنشی                | تن شیر
بغرنج               | بغل رنج - بغران
پاداشی              | پاداش
رک و                | روکش
درایت               | درایو - برایت - درآید
چه چیزی             | چیزی
تمایلاتش            | تمایل آتش - تمایل آتش
تشدید               | تشکیل
بایستد              | رسیدن بایستند - به ایستد
لیبیدوی             | لیبی دوی - ورقهای لیبی دو
دخل                 | داخل
ویوری               | وی برلین
راشل                | را شعر
هانور               | ها
تحریکش              | نور تحریر کشف
تصوراتش             | تصور آتش - تصور آتش
ساق                 | ساخت - سراغ
از ذهنش             | ذهنم
گذرند               | گذراند - گذرد
غرولند              | غرور لمس
از                  | اثر - که - عصبی - اثر - اثر
سر                  | بد - اثر - سد - سرکوب - حبس
بدجنسی              | جنسی - بد جنسی
پایه های            | پایههای
حالتی               | حالت
شخصی                | شخص - شخص
سناریوی             | سناریویی
غریب                | غریبه
نا آشناست           | ناشناس
درباره اش           | دربارهاش - دربارهاش
واقعی               | واقعیت
ایه که              | یکی
کشویی               | کشوری
ذهنت                | ذهن
خوای                | خواهی - خواهی
نمیتونی             | نمیتونین
کنن                 | کنند - کنند
ضعفی                | ضعیفی
ژست                 | شصت
خشمگین              | خوشمزه این - خوش میگین
واقعا               | واقعن
هات                 | حاد
میدونم              | میدونن
دیوونگیه            | دیوونگی
خواسته ام           | خواستم
نه کرستن            | رسیدن - رسیدن
مسلم                | مسلمه - مسلمه
تصورات              | تصور آن
حالات               | حالت
قبولاند             | بلوند
که کرستن            | کودکستان
نپذیرفتن            | نه
ابعادی              | پذیرفتن ابعاد - اش ابعاد
دستگیرش             | دستگیر
سوژه ی              | سوددهی
گفتگوهایشان         | گفتگوهای شان - گفتگوهای شان
سِمَت               | سمت
پذیرشگر             | پذیرش گر
ارجیل               | آگاهی
اپلدورن             | اپل دوره
با ژستی             | بازرسی
لیپیدو              | لیبی دو
عواطف               | آواتار
ازدواجشان           | ازدواج - ازدواج - ازدواج ایشان
ثبات                | کمال کن سواد - سواد - سواد - سواد - سواد - صفحات
گردش                | کسانی
ساوت                | در - سبز
شیلدز               | سبز شیلی - چیپس
کوش                 | گوش
موزه ای             | موضعی
تاین                | تا این
اون                 | اولین
مهمانسرای           | مهمانسرایی
پریمیر              | پری
جایی که             | جاییکه
یک شقه              | شرقی
بازدیدش             | بازدید داشت
می شنود             | میشنود
تاخیر               | تحقیر
توانسته اند         | توانستند
رگی                 | رنگی
نایلونی             | نایلون
تکل یه              | تکلیف
کرخ                 | کره
احمق های            | احمقانه
مکسی                | مکسیم
کیلومترهایی         | کیلومترهای
بی روح              | بیرون
جدیت                | جدید - جدید - جدید
چمباتمه             | چون باتری
و رسمی است          | است نیست
وجود                | بوجود
او اینجا            | اینجا
معقولانه            | معلولان - معقولی لانه
کلاسوری             | کلاس داری
زوجین               | وجهی
نمی نماید           | نمینماید
تشویش               | تشویق - تشویق
نَشُسته             | نشسته
چیست؟               | چیست
ناغافل              | نه غافل
اصل                 | عصر
نامعقول             | نام غول - نام - نام قول - نام غول
تختش یک             | تخته
می گذارد            | میگذارد
عزیزانی             | عزیز آنی
آن را               | آنرا - آنرا
واکنششان            | واکنش نشان
خودستایانه          | خود ستارگان
غریبند              | غریب بنده
ساله                | سال
ترکش                | ترکیب
نقش                 | بخش
شتر                 | تو - کتابی
مبل ها              | مبله
کتاب                | شتاب
کرستن می گوید       | میگوید
پسش                 | پسرش
معلم هایش           | معلمهایش
مشاوری              | مشاوره
نزدش                | نظرش
درسش                | دستش - دستش
گریستن              | گریستند
عادتش               | عادت
می بایست            | میبایست - میبایست - میبایست
ارزانش              | ارزان از
پیژامه              | بی
خرسی                | خرس
خویشتن              | خویش - خویش تن
دارانه              | دفن
توداری              | تو داری
بی درنگ             | بیدرنگ - بیدرنگ
می نشاند            | مینشاند
تکاندهنده ای        | تکاندهندهای
می انگیزد           | میانگیزد
پیچیده ایم          | پیچیدهای
فراموششان           | فراموشش آن
یادمان              | یاد
نمی                 | ما
آید                 | نمیآید
کژتابی              | کشت آبی
برانگیختن           | برانگیختند
برگردی              | برگردید
نظمیست              | نظم ایست
توده ی              | تودهی
نظمی                | نظم یا - نظم
کشوی                | کشو - کشو
بی مورد             | بیمورد - بیمورد - بیمورد
اینترکانتیننتال     | اینترنتی
فینیقیه             | لا طالبی میوه ای
می دید              | میدید - میدید
قبرسی               | غیر ارثی
خانواده ای          | خانوادهای
فرقه                | فرقی
ی دروز              | دیروز
هیستری              | هیستوری
بس                  | بسته - باعث
دراز                | راز
ماهیتا              | ماهیت - ماهیتابه
آماده اند           | آمادهاند - آمادهاند
یک توده             | دوده
برنامه ریزی شده     | برنامهریزیشده
چنگال ها            | جنگلها
نثار                | نظاره - نزار - کارخانه سر
معطلی               | معطل
سراسیمه             | سراسر - سراسر
ما از               | از
می پیوندد           | میپیوندد
می دانیم            | میدانیم - میدانیم - میدانیم - میدانیم
را؟                 | را
ارجح                | رجب
همدردی              | هم دردی
مجردی               | مجرد
نوشیده              | نوشید
شدم                 | شدیم
خانوم               | خانومه
ب                   | به
میاد؟               | میاد
بچه                 | بچمون
مونه دابی           | داوید
حرفه                | حرف
می گوید             | میگوید - نمیگوید - میگوید
خوام                | خواهم
رفتنت               | رفتن
تنبیهت              | تنبیه
واممون              | وام
تصفیه               | را تسبیح
خل                  | خلوت
و چل                | دل
ناشمرده             | ناشر مورد
ای است              | است
خوش آمدگویی         | خوشآمدگویی
می اندیشد           | میاندیشد - بیندیشد - میاندیشد - بیندیشد
می دانند            | میدانند
مهارتی              | مهارتهای
سنت                 | سن - سنتها - زینت
سیریل               | سریع
متودیوس             | تو دیروز
استرنبرگ            | استراحت برگ
تابلوی              | تابلو
کودک                | کودکی
نازنینش             | نازنین
میومد؟              | میومد
آکادمیک             | آکادمی
تصویرگر             | تصویرگران
سوزانه              | سوزاند سوزان - سوزاند - سوزاند آن - سوزاند
فورت                | فرد
همه ی               | همهی
هرم                 | حرم
آلوی                | آلود
مژه                 | مجری - موزه
ریمل                | ریمیل
زردش                | دشت
مجانی               | مرجانی
شتر ها              | چطور
کوهان               | کهن
در هنگام            | درهنگام
می خورند            | میخورند - میخورند
محیط های            | محیطهای
جهنده               | جهت
گوش                 | گوشه - گوشه
سینه اش             | سینهاش
حنایی               | هنرهایی
استتار              | استعفای
پراگ                | پراز
می کنی              | میکنی
چاق و               | چاقو
می شی               | میشی
اوران               | آرام
گوتان               | گو تان
بورنئو              | برنئو
باشن                | باشند
دشت های             | دستای
به وجود             | بوجود - بوجود - بوجود
بودن                | بودند
هشیاری              | هوشیاری - بینی هوشیاری
صداش                | نداشت
میپرونه             | میپراند
غریبه ها            | غریبهها
رو آزرده            | آزرده
داروین              | دارویی
بسوزه               | بسوزد
هفت تا              | هفتاد
و چه                | چه
ساکی                | سالی
گردونه              | گردون - گردون نمیبیند
آید ربیع            | روی
ساکش                | سکس - سرش
بیند می رود         | رود
رفته اند            | رفتند - رفتند
پیامی               | پیام
راستِ               | راسته
کتش                 | کتک - کت
توئه؟               | تویه
یکه                 | یکی - که
باشه؟               | باشه
ربیغ                | روی
می رساند            | میرساند
گوشی اش             | گوشیش
شده است             | شدهاست
دزدیدنش             | دزدیدن عشق
گذاشتیش             | گذاشتی
طفلکی!              | طفلک
می زنیم             | میزنیم
می پرسیم            | میپرسیم
گوشیتو              | گوشی تا
شون                 | نشون
نیفتاده             | نیفتاد - ایشان نیفتاد
اگه                 | اگر - اگر
دوندگی              | دونده
مجبورش              | مجبورن
ساعت ها             | ساعته
ویورلی              | ویولن
بریج                | لیبریا
می دونستم           | میدونستم
روشی                | روش
یک سالگرد           | سالگرد
هیچ گاه             | هیچگاه - هیچگاه
اسفناک              | اسفناج
عادی ترین           | عادیترین
تصوراتی             | تصور آتی
بطرزی               | بطرز
مزیت                | مسیحیت - وضعیت
کلیدهایش            | کلیدهایم
گلاسکو              | گل دستگاه - لبو
برچسبی              | اش بر چسبی
آرزویش              | آرزوی اش
داشته               | داشت
خود                 | خودت - خدا
نمی بیند            | نمیبیند
گینا                | اونا
طرقی                | طور موقت
ناکام               | ناکامی
می رنجاند           | میرنجاند
معطل                | معطر
خلاقانه             | خلاقان - خلاقان - خلاقان
طرد                 | ترک - تر - تر
آدم های             | آدمهای - آدمهای
بلندپروازی های      | بلندپروازانه
کرانه های           | کرانههای
فرسای               | فرسایش
هیچکدامشان          | هیچکدام شان
شکوه                | شکل - شکل
گله                 | گل
گلایه               | گل لایه - گل - گلهای
خشمهای              | خوشمزه ی
بی عدالتی           | بیعدالتی
نیروهایی            | نیروهای
مسبب                | مصاحبه به - مصاحبه به - مسی
ترین و              | نترین
رسانده اند          | رساندهاند
ملامت               | و علامت
ناعادلانه           | نهادهای دانه - نهادهای
مصداق               | مشتاق
صمیمیت              | میگه
نشانه ای            | نشانهای - آن
خودمانی             | خود
مانیفستی            | مانی فرصتی
قادریم              | قادر
معتقدیم             | معتقدم
حصر                 | حذف
از پراگ             | افراد
کار                 | سرکار
متوجهی              | متوجه این
ربیع!               | عربی
مسئولیت های         | مسئولیتهای
حماقتی              | حماقت
بی تجربگی           | بیتجربگی
می گفت              | میگفت
رومن                | روغن
مری                 | مریم
تاقچه ای            | تاقچهی
صحن                 | صحنه
مریم                | مرگم
باکره               | را با کره
محزون               | محض - معصوم
فرَنک               | رنگ
شفقت                | شب فقط
دیوانگیست           | دیوان
ملحد                | گیتس مهدی
اشک ها              | اشکها - آشکار
نثارش               | نظارت
گزینه های           | گزینههای - گزینههای
فانی است            | نیست
غذایی               | قضایی - غذای
فتا                 | فتح تا
کرده؟               | کرده - کرده
بوده؟               | بوده
ی دیگری             | دیگری
شود؟                | شود - شود
تشر                 | تشکر
می خواهد            | میخواهد - میخواهد - میخواهد
نمی خواهد           | نمیخواهد - نمیخواهد - نمیخواهد
سبک                 | صد
دوشش                | دوش
شومینه              | و مینه - ششمین
می کنیم             | میکنیم - میکنیم
مبهم                | مبحث
زندگی مان           | زندگیمان
وصفش                | وسوسه اش
آمیزانه             | آمیز هاى
الهه ای             | الهی
پارچه ای            | پارچهای
کاکائوی             | کاوی
خطیر                | خطی
نه ای               | نی
برده اند            | بردند
چشمه ی              | چشمگیر
مطلقا               | مطلع خواهند
نمی پذیرد           | نمیپذیرد
آمدها               | آمده
۱۰۵                 | صد
بر زوجهای           | برجهای
نهار                | ناهار
جمعشان              | جمعی شانس - جامعهشان
لایه                | لایحه
زیرین               | زیره - زیر این
فخرفروشی            | فقر فروشی
کنایه               | که - جنایت
جویانه              | جویی یانه
اینچنینی            | اینجا نیمی
امتیازها            | امتیاز ها
کلر                 | کولر - کولر
ویلایی              | ویلای
باغی                | باقی
کنایه آمیز          | کنایهآمیز - کنایهآمیز
دهد؟                | دهد
ایی                 | ی
رسد؟                | رسد
کنند؟               | کنند
ی پیش               | پیش
جایگاهش             | جایگاه اش
مغتنم               | محترم
فتنه                | فطره
صحبتش               | صحبتهایش
دادی؟               | دادی
دیوونه!             | دیوونه
بودی                | بودیم
منو                 | من و - من رو
خرده                | خورده - خورده
گیرم                | نمیگیرم
نگرانتم             | نگران تم
مابانه ناشایست و    | و آبان ناشی است و
اعتقادی             | اعتقاد
محابا               | موها
وجودمان             | وجود مان
بزرگسالیشان         | بزرگسال ایشان
غبطه                | قطعه - قطعه
مواقعی              | مواقع ی - مواقع - مواقع ی - مواقع ی - مواقع ی - مواقع ی
خصلتهای             | خطهای
بالیده              | بالید
ی آنان              | آنان
ظواهر               | جواهر
پرست                | پرستی - پرستی - پرستی
روشویی              | روشهایی - روشهایی
چقدر                | چه قدر
میارن               | میاره
ما چقدر             | چقد
کپر                 | کفر
میپوشونی            | میپوشانیم
ای مال              | مال
هیولاست             | هیولا است
کفایتی              | کفایت - کفایت - کفایت
ربطش                | ارتش
قضایا               | غذا یا
ی منفی              | منفی
استادانه            | استادان - استادان
تعبیه               | تعبیر
مثمر                | مصرف
متین                | متن
شقی                 | شرقی
مثلثات              | مساله
رفوزه               | ساز رو روزه
خشم ها              | خشمگین
بعد                 | بود
تعجبی               | تجربی - تعجب بی
مستعدیم             | مستعد عدم
تلویحا              | قلبی ظن - قلبی هم
پیشرفت              | پیشرفته
کند                 | کنند
ضمیرمان             | ضمیر همان
معدودی              | محدودی
نظرهایی             | نظرهای
دلسوزانه            | دلسوزی خانه
شویم"               | شویم
درصدد               | درصد
صحبتی               | صحبتم - صحبت - صحبت
تنومند              | تنوع مند
که روز              | روز
تونستیم             | توانستیم
ام آرزومه           | آرزومه
استشمام             | استحمام
دیگه ای             | دیگری
فراموششون           | فراموش
خوشبختیم            | خوشبختی
مون                 | موند
پشکل                | تشکیل
میده                | معده
بگذرونیم            | بگذرانیم
افتضاحیست           | افتضاح
انقدر               | آنقدر - آنقدر
و سنجیده            | سنجیده
تکل میدونیم         | تو
انگار               | انگاری
یه ایراده           | ایراد
چشتو                | چشاتو
روش ببندی؟          | ببندی
جوری؟               | جوری
داری                | داره
اونقدر              | آنقدر
بدی؟                | بدی
قضاوتی              | قضاوت
همسرمان             | همسر مان
نگریستن             | نگریستند - نگریستند
یونانیان            | یونان
دیدگاهی             | دید گاهی
ی بین               | بین
پرهیزکارانه         | پرهیز کارخانه
ی تمایل             | تمایل
پرهیزکارتر          | پرهیز کار تر
عشاق                | عشق - اشاره
خیانتی              | خیانت - خیانت
بزدلانه             | بزرگ - لانه
تن                  | وطن - تند
پرورانه             | پروراند
ما                  | درمان
مقابلشان            | مقابل نشان
ی تاسف              | تاسف
نگریسته             | نگریست
تلاششان             | تلاش ایشان
انگاره ی            | انگارههای
تر                  | در - در - محصول بیشتر - سواد در - در
بدانیم              | بدانید
ستیزه               | ستیزی
عیوب                | آیا به
آنقدری              | آنقدر - آنقدرها - آنقدر - آنقدر - آنقدر - اقل آنقدر ی
اثنا                | اصلاح
مقرون               | ممنون
نیوبتلترست          | نیویورک به تسلط
اول                 | ول
مشاورین             | مشاوره
ماهرانه             | ماهرانهی
در کرستن            | دبستان
ژرف                 | ظرف
بهایی               | بنایی
های مسلم            | مسلمه
محسناتی             | محصولاتی
داشته های           | داشتهای
ی معیارهای          | معیارهای
زیرکانه             | زیر ارکان
ی شگفت انگیز        | شگفتانگیز
بیگاهش              | بیگاه هشت
قوتش                | قوت اش
جدیدشان             | جدید ایشان
ضعف ها              | ظرفها - ظرفها - ظرفها
وضوح                | موضوع
صد                  | سد
نشوند٫              | نشوند
خبرش                | خبرهایی
کنند٫               | کنند
و شمایل             | شماره
روزنه ای            | روزها
ملبس                | مربوط
لقبی                | لغوی
والدینم٫            | والدینم
حمله ای             | حملهی
ی متن               | متن
ضمیمه               | زمینه - زمینه
مهمانیست            | مهمانی است
لباسشوییست          | لباسشویی است
نافش                | ناف از
یاخته               | یافته
دی ان               | دین
چانه                | جان
باشد؟               | باشد - باشد
دهند؟               | دهند
هزینه ها            | هزینهها
جمجمه               | جمعه
استراحتی            | استراحت یا
ی یک                | یک
تپش                 | تپه اش
هفته های            | هفتههای - هفتههای
یگانگی              | یگانهای
ادراک               | ادرار که
پروازی              | پروازهای
ازلی                | از علی
جنینی               | جنین
ساعته               | ساعت
نامش                | نمایش - نامی
مادریش              | مادریاش
نام دومش            | دومی
بردارند             | بردارد
موجودیست            | موجودی
تا به               | کتاب
درشتش               | درشت داشت
آمدنش               | آمد پدرش
گذرانده             | گذراند - گذراند - گذراندم
انگشت های           | انگشتان
پاهایی              | پاهایش
پلک                 | پلکهای - پله
حین                 | ای نه
واردش               | وارد
ی بی اندازه         | بیاندازد
همراهان             | همراهانش
مستاصلش             | مسترد سرش
همراهانی            | همراهانش
میکنند              | میکند
حایل                | ال
سخت                 | سختی
بحبحه               | بهبود
زندگیست             | زندگی است
تایتانیک            | تابستان
وار                 | یکبار
اش خوابش            | خوابش
تسلی                | تسلیم
اینقدر              | آنقدر - آنقدر
همه جانبه           | همهجانبه
کوته                | کوتاه - کوتاه
فکرانه              | فکرایی - فرانک
جنبه ای             | جمعی
گرفتن               | گرفتند
ورزیدن              | ورزیدم - ورزیدم
ی انسان             | انسان - انسان
بزرگترند            | بزرگتر اند
درباره ی            | دربارهی - دربارهی
ورزی                | ورزید - ورزید - ورزید
پرستارها            | پرستاره
دستورالعملهای       | دستورالعملها - دستورالعملها
نوزادیست            | نوزاد ایست
رسانیست             | رسانی است
مقید                | موقعیت
کامی                | گامی
تواناییشان          | توانایی هایشان
شیفته               | شیفتگی
عشقی                | عشق - عشق - عشق - عشق - عشق
پی ریزی             | بریزی
چیزیست              | چیزی است
کس                  | که از
متکی                | مدرکی - متکلم
می آموزیم           | بیاموزیم
ی خدمت              | خدمت
غرایض               | قران نیز
عجبند               | اجرای بند
برایش               | برای
آروغ                | اردو
زدنش                | زدند
بگیرد؟              | بگیرد - بگیرد
ای موز              | موز
ببلعد؟              | ببلعد
روی هم              | رویهم
آجرهای              | آجرهایی
علائق               | علائم
آورترین             | آور
انسانیست            | تمرین انسانی است - انسانی است
بر داشتن            | برداشتن
مشترک               | مشترکی
نیوبتلرترس          | نیز به دلیل ترس
ماه ها              | ماها - ماهه
ساعتها              | ساعته - ساعته - ساعته
هوشیار و            | هوشیاری
بنیادین             | بنیاد این - بنیادی
وقایع               | و آقای
اریب                | غریب
تابیدن              | تابی
تار                 | تاریک
پور فرش             | فرض
آموزه های           | آموزشهای
می آموزد            | بیاموزد
ناپسندش             | پسندد
متمایز              | متمایل
فطری                | فطره - سطری
دون                 | دهان
مایگی               | ما یکی
آگاهیم              | آگاهی
لااقل               | لا اقل - لا
چشممان              | چشمشان
می رسند             | میرسند - میرسند
پریده اند           | پریدند
مراقبان             | مراقب آن - مراقب آن
گرمش                | گرمی
صابونی              | صابون های
ملافه               | ملحفه
حوصلگی              | حوصله - حوصله ی
مالش                | مالک
تالک                | طالب
به طرزی             | بطرز
موز و               | موضوع
کریسمسش             | کریسمس است
میاموزیم            | نیاموزیم
مسئولیتهایی         | مسئولیتهای
اراده ی             | ارادهی
ی غیرمنتظره         | غیرمنتظره
تهیج                | تهی
آنی                 | جهانی
ای باشیم            | باشیم
العمل های           | العملش
بلورین              | بلور این
کوچکش               | کوچک
هیولاها             | هیولا ها - هیولا ها
ریبع                | روی
قهرمانانه           | قهرمانان
افتادن              | افتادم
محله های            | محلههای
ایست                | است - ای است - ی است - ای است
ی خارجی             | خارجی
گرافیتی             | گرافیکی
خوشحالند            | خوشحالم
آدم بزرگ            | آدمبزرگی
شانه های            | شانههای
واقعیش              | واقعیت
مسرانه              | مثبت ران
مدبرانه             | مدت - مدت براند - مدت
دیرپایی             | دیر پائین
باطلیست             | باطل نیست
همیشگی              | همیشه
درنیوبتلترس         | در نیرو به تلفظ
مقتضی               | مغذی
جاودانه             | جاافتاده
منظومه              | من
نازدودنی            | نامحدود
لاجرم               | دنی و لا جهرم
فرضی                | فرزند - فلزی
احتمالاتی           | احتمالات
بژ رنگ              | بهرنگ
دیرین               | دیری
سطحی                | اینستا
بافتش               | بافت فرش
ورشکست              | و شکست
وجه                 | بچه
طبعا                | طبیعت
ی صورت              | صورت
ی دریافت            | دریافت
علایق               | دلایل - علیه
سخاوتی              | سخاوت - سخاوت
ی خوب               | خوب
نوزادی اش           | نوزادش
مراقب               | مراقبه
لغزشی               | لغزش
رفتارشان            | رفتار شان
کنش                 | کنم
فرزندشان            | فرزند شان
ی درون              | درون
عصبانیست            | عصبانی است
روابطمان            | روابط مان
فداکارانه           | فدا
تلخ                 | تلقی
از دست              | ازدست
نیازهایمان          | نیازهای زمان
نگر                 | نگری
جستجوهای            | جستجوی راه های
به حسی              | برسی
نائل                | نوع
ی مدام              | مدام
غیاب                | قیام به
اشتیاقی             | اشتیاق - اشتیاق
ناخودآگاه           | نا خودآگاه
آنها                | انها - انها
شیرین اند           | شیریناند
ی منشور             | منشور
نارس                | ناقص
سرشتیست             | سرشتی است
ی امید              | امید
پیرایگی             | پیراشکی
برچسب               | بچسب - بر - بر - بر چسب
عمیقا               | عمیق آن
ی بزرگ              | بزرگ
آرزویشان            | آرزو ایشان
زمانی که            | زمانیکه
بچه هایش            | بچههایش
پذیریشان            | پذیری ایشان
جاییست              | جایی است - جایی است
خوابیدنش            | خوابیده خوابیدن
برهه ی              | برههای
رفتنند              | رفتند
عقلانیت             | عقل آنیتا
ناامنی              | عملی
هویداست             | وی داشت
متوازن              | متواضعی
خصلتهایی            | قسمتهایی
چیزهایی             | چیزهای
ی مورچه             | مورچه
مارها               | مار ها
نا                  | نوع
هنرمندی             | هنرمندان
التزاز              | التزام
تماشاچیانش          | تماشاچیان اش
باشی                | باشید
توانی               | توانید
دستانت              | دستانش
دستانشان            | دستان شان
مشتهایشان           | مشتری هایشان
گره                 | گریه
ی سینه              | سینه
داره؟               | داره
میشه؟               | میشه
نیستم؟              | نیستم
ی طاقت              | طاقت
فرسا                | فرسایی - فرسایی - فرساد - فرسایی
نرسیده ایم          | نرسیدیم
حوزه ی              | حوزهی
مقوله ای            | مقالهای
آبرومندی            | آبرومو هندی
بازدارنده های       | بازدارندهای
ذوق                 | او
و قریحه             | غریبه
آزمایشگاهیست        | آزمایشگاهی است
هوس                 | عوض - بالا
اش آرجون            | ارجاع
آرجون               | ارجوند
اندازه ای           | اندازهای
می تاب              | میتابد
کنجکاوانه           | کنجکاوانهی
سازش ها             | سازمانها
امیدوارانه          | باران
یک                  | یکدست
دستاورد             | آورده
ی درخت              | درخت
پاها                | پا
سرمستانه            | صربستان
ی کنونی             | کنونی
جالب                | جالبه
محوری               | محور این
ی مثبت              | مثبت
ترسهایشان           | ترسهای هایشان - ترسهای ایشان
گرگ ها              | گربه
خبرند               | خبرم
حقه                 | حقوق
زای                 | زایی
گان                 | گام
ی قوت               | قوت
نمی یابد            | نمییابد
دو                  | ده
اژدها               | اشتها
آرامشی              | آرامش ی - آرامش
اژدهای              | ادعای
ابله                | آبله
کوچکشان             | کوچک ایشان
اژدهایی             | اشتهای
هارت و              | هردو
افسار               | افزار
گسیخته              | گسیخت
گذشت                | گذشتن
شکنندگی             | شکننده
خبره                | خبر
خشم های             | خشمگین
توقعات              | طبقات
هوشیاریم            | هوشیاری
اسفناکی             | اسناد که
همسن                | همسایه
سالانمان            | حالا
اتفاقاتی            | اتفاقات - اتفاقات
اتکا                | احتکار
بی اندازه           | بیاندازه
خمها                | خمه
شیطنت               | شیطنتهای
زیبایشان            | زیبای
لبه                 | ایشان
پتوی                | پتو
هلیکوپتر            | کلیک و پیتر - حلی
تولدی               | تولد ی
عقبش                | عقلش
چندمین              | چندین
ی ناامیدی           | ناامیدی
کردی؟               | کردی
لجوجانه             | لج جاده
قلق                 | خلق
قشقرق               | قشر - قشر
خودربیع             | خودروی
احساساتت            | احساساتی
بزاری               | بزارید
شدند                | شده اند
حواله               | حوالی - حوالهی
قائله               | قائل
ی عصبانیت           | عصبانیت
خوددار              | خود
لایه های            | لایههای
ی تمام              | تمام
اندازد              | آنجا زد
حامل                | حامله - حامله
تمیزی               | تمیز
بخشندگی             | بخشنده گیر
ی آدمهای            | آدمهای
با اینکه            | بااینکه - بااینکه
ی دیگه              | دیگه
پرنسس               | فرانسه
استره               | استراحت
ناراحتیت            | ناراحتی
چاپلوسی             | لوسی
متقاعدشان           | متقاعد شان
پولدارتر            | پولدار تر
مادرتم              | مادرتان
اینو                | اینا
اند که              | که
حرفاشون             | حرفاش
استر                | استرس
جار                 | جارو
یواشکی              | یا هوا شکی
طعمه های            | تومان
ی فریاد             | فریاد
های عصبی            | عصبی
وایسم               | وای سم
شی                  | شد
و بهم               | وبهم
مودبی               | مودب
ای خودداری          | خودداری
نامانوس             | نام
بینشی               | بینش ی - بینش
کاوش                | کاووس - کامبوج
سیاهه ی             | سیاهی
عمرمان              | عمر همان
مفصلا               | مفصل
متظاهری             | متضاد شهری
پوشانده             | پوشاند
نظرمان              | نظر مان - نظر
بربریت              | بربری
و سادیسم            | استادیوم
خلقیات              | خلق نیت
های شام             | هایشان
تکالیفش             | تکلیف اش
شعبه ی              | شبهای
برداران             | بردارند
ی رسمی              | رسمی
پسرکی               | پسرک - پسرک
بی صبرانه           | بیصبرانه
فلادن               | فولاد
محرک                | متحرک - مهلک
و لارن              | بلا
معاشقه              | معاشر - معاشر - ما عاشق
لارن                | دارند - را - دارند - دارای - دارند - لنز - لنز - دارند - است لااقل - دارن - لالایی - آن - نرم - دارند - داره - را - دارند - رو - را
می بینند            | میبینند - میبینند
می توانند           | میتوانند
تگل                 | تگرگ
هواپیمایش           | هواپیمایی
پیام هایی           | پیامهای
بین                 | وین
موضوعاتی            | موضوع آتی - موضوعات - موضوعات
پیست                | پیوست
دیوانگی             | دیوان کی
می تواند            | میتواند
شیروانیست           | شیروان نیست
غوغایی              | قفقاز
روزنامه های         | روزنامههای
از این              | ازاین
روی داد             | رویداد
طره ای              | تورهای
بیفتد               | بیافتد
که لارن             | کنارمی
می آید              | آید
گرمی                | گره
زد                  | میزد
جذابیتش             | جذابیت اش
تودرتوست            | تودرتو توسط
دیواره های          | دیوارهای
ای دیگر             | دیگر
کهکشانی             | کهکشان
بی ادبی             | بیادبی
مهمانی ها           | مهمانیها
گنجینه              | گنجی
اشعاری              | آشکاری
کالریج              | کولر ریچ
بِرِنز              | برنج
پدران               | پدرام نشان رهایی
رهایشان کرده        | کرده
رفیقش               | رفیقمو
برهنگی              | به رنگی
خیانتیست            | خیانت ایست
خوابگی              | خواب گیر
گلبهی               | گل
رنگ                 | به حیرت
تقصیراتی            | تاثیرات
توجیهاتی            | توجیهی
قاطعانه             | قاطع آن
لعن                 | لنگ
برافروختن           | برف فروختن
تحقیرهای            | تغییرهایی - تحریم های
قطع                 | قتل
ستودنی              | ستودند
نشانه               | نشانهای
ی مسلم              | مسلمه
لبه ی               | لبهی
متناوب              | متناسب
متظاهرانه           | متضاد بحرانی
تمایلیست            | تمایل ایست
مخالفی              | مخالفین
دوامِ               | دوام
تک                  | تکم
همسری               | سریع - خیال
قافله               | غافل
ندارد؟              | ندارد
دستورالعملی         | دستورالعمل
است؟                | است
شب ها               | شبها - شبها
گرم                 | گرما
و دوستانه           | دوستان
پاستایی             | پاسداری
جوی                 | جای - جو
مونوپلیست           | مونو پلیس
هولکی               | الکی
هر دو               | هردو
دقیقهٔ              | دقیقه
رفته                | رفتند
خاطرجمع             | جمع
عصرهای              | ابرهای
ادینبروست           | عدم بروز
خیابان های          | خیابانهای
ماشین و             | ماشینو
و خوراکی های        | خوراکیهای
روها                | رو ها
هاییست              | است - هایی
شلوارجین            | شلوار جین
پوشیده اند          | پوشیدهاند
پرحرارت             | پر حراست
دانشجوست            | دانشجو است
مهیاست              | مهیا است
دیسکوها             | دستگاهها
تپنده               | تپه ها
آدرنالین            | آدرس نالیم
به سوی              | بسوی
با این حال          | بااینحال - بااینحال
انطباق              | انضباط
چهره اش             | چهرهاش
چند بار             | چندبار
برمی گردد           | برمیگردد
سه                  | سپس
پسورد               | برد
آفتابیست            | آفتابی
آشپزخانه            | آشپز خانه
آبی                 | ابی
تست                 | توسط - توسط
صب                  | صبر
میام                | میان
ای تصویر            | تصویر
صفحهٔ               | صفحه
سوسو                | سوسک
کرهٔ                | کره
مریخ                | مریم
تصاحب               | تصور
باختگی              | باخته که - باخته گیر
طبع                 | تب
نامحسوس             | نام - نام محصول
سپردن               | سپرده
استادش              | استاد اش
ایرادهایی           | ایراد هایی
آنقدر               | انقدر
بیهودگی             | بیهوده یکی
هیجان انگیز         | هیجانانگیز
نمی شناسیم          | نمیشناسیم
معشوقت              | معشوقه
کجاش                | کجاس
مطیع لارن           | متعلق
ای احتمالی          | احتمالی
با لارن             | بازدارند - بالا - ران
لوس آنجلس           | لوسآنجلس
دیروقت              | دیر وقت
مانند               | ماند
هایشان              | ایشان
مالیبو              | مالی بو
لارن می             | نمی
شستشوی              | شسته
لباس                | شوی
فیوزهای             | فیلم های
سیر                 | سایر
لطفش                | لطفی
نامهربانانه         | نام مهربانانه
لباسایی             | لباسای
آویزون              | آویزان
بشن                 | بشه
قشنگن               | قشنگ از یه
خودخواهانه          | خود
غیر                 | غیره
ستودن               | ستودند
تپق                 | توافق
نامد صبوری می کند   | کند
و راجع              | براتون
برکناری             | برکنار
با وقار             | باوقار
کاستی               | کاستهای
های ازدواجش         | ازدواج
توانسته             | توانست
ناسازگارند          | ناسازگار اند
ازدواجش             | ازدواج
سرچشمه              | سر چشمه
به هق هق            | بحق
ماتم                | ما تم
هوشمندانه           | هوشمند
نشده ایم            | نشدیم
مایلیم              | مایل
نوع                 | نارنجی
رنجی                | فدا
فداکاری             | کاری
های ازدواج          | ازدواج
بنظرمان             | بنظر مان
اطرافمان            | اطراف مان
همه                 | هم
وفادار              | وفاداری
مطمئنیم             | مطمئنا نیم
یافتن               | یافتند
نیست"               | نیست
طرفین               | طرف - طرف این - طرف این - طرف این
افکارشان            | افکار شان
به نام              | بنام
میگذارد             | میگذارند
مشکوک               | مشغول
ذهنیاتش             | ذهنیت
قضاوتش              | یا تشخیص آتش
نشده                | نشدیم
ایم ربیع            | روی
دربارهٔ             | دربارهی - درباره
وقف                 | وقت
نهادیست             | نهادی است
گذرایی              | گذری - گذرانی - گزارشی
باثبات              | با
ماندگارتر           | ماندگار تر
می گنجد             | میگنجد
متعهدانه            | متعهد دانه
مهم تر              | مهمتر - مهمتر - مهمتر
که ذاتا             | گذاشتن
خشنودی              | خشنود
میمانده اند         | میماندند
می ماندند           | میماندند
کشش                 | کش
دعواهای             | درباره ی
اعصابشان            | اعصاب شان
چیزش                | چیزهایی را
می رفتند            | میرفتند
کاردانی             | دانی
درمی                | در می - نشان در می
ناعاقلانه           | نااهل لانه
سپارد               | سپارم
بها                 | بهت
متظاهر              | متضاد خواهر
مشترکش              | مشترک است
لذتی                | لذت
ریز                 | ریزی
آمریکایی            | امریکایی
گزارهٔ              | گزارش
بحران های           | بحرانهای
متوسل               | متوسط
است"                | است - است - است
و سه                | دسته
خامی                | خامه
مختص                | مختصر - مختصر - مختصر
سخره                | سفره - سفره
انسان های           | انسانهای - انسانهای
درمانگرها           | درمانگر ها
اند افرادی          | افرادی
کافیست              | کافی است - کافی است
دوستانشان           | دوستان شان
کاریست              | کاری است
لوتیان              | لوتی آن
متقاعدکننده         | متقاعد کننده
پایه                | پای
می شکند             | میشکند
سختیست              | سختی است
آرایشگر             | آرایش گر
طلبانه              | طلبان
متخصصی              | متخصص
دلگیری              | درگیری
داخلش               | داخل آش
فربرن               | فر بن - فر بن - فربه - نفر بن - فر - فر بن - فر بن - فربه - فربه - فربه - فر بن - فربه - فربه - فر بن - فربه - فر بن - فر بن - فر بن - فر بن
ای ساده             | ساده
موجی                | موجود
بغرنجش              | بحران جاش
خوشبو               | خوش بو
اشان                | شان - ایشان - شویی
لهجهٔ               | لهجه
قراره               | قرار
اومدنتون            | اومدن تون
است به              | به
اضطرابی             | اضطراب - اضطراب می - اضطراب - اضطراب - اضطراب - اضطراب
ناشری               | ناشکری
برسی                | برسید
پرمشغله             | پر مشغله
جهنمیست             | جهنمی است
می کوبد             | میکوبد
چه ربیع             | چربی
نظریهٔ              | نظریه - نظریه
جان بولبی           | جانبی
دههٔ                | دهها
کشمکش های           | کشمکشهای - کشمکشهای
تجربهٔ              | تجربه ای
سی                  | با
بی واسیلی           | سیلی
بولبی               | بمبی - بلبل
مایوس               | معیوب - معیوب - معیوب - معکوس
ابهامات             | اتهامات
روابطشان            | روابط شان
هراسناک             | هر
چسبنده              | اسکناس چسبانده
می نامد             | مینامد - مینامد
اجتنابی             | اجتناب - اجتناب - اجتناب - اجتناب
نوبهٔ               | نوبه
مقتضیات             | مغذی یاد
زوال                | زبان
جوئنا               | جو - جوونا
کارناک              | کائنات
به زودی             | بزودی
خودبه خود           | خود بخود
معنیست              | معنی است
معشوقشان            | معشوق شان
کشیده اند           | کشیدهاند
موشکافانهٔ          | موشکافانهی
گفتهٔ               | گفته نام
حرفهٔ               | حرفه
بمب                 | به
نحوهٔ               | نحوه - نحوه - نحوه
جغرافیا             | جغرافیای
زمینه های           | زمینههای
درگیرشان            | درگیر شان
بگومگوی             | بگومگو یه
حقوقش               | حقوقی
آیندهٔ              | آینده
قسط                 | قرص
اعتنایی             | اطلاعی - اطلاعی
حمایتش              | حمایت
هوممم بی            | بی
بستهٔ               | بسته
درنگ                | دل رنگ
بدخواهانه           | بد خواهان
دل بستگی            | دلبستگی
تهدیدی              | تهدید
جنگیدن اند          | جنگیدند
شرح                 | شهر
بدخلق               | چسب
زودرنج              | بد خلق زود رنج
این کار             | اینکار
مزخرفی              | مزخرفیه
خود ربیع            | خودروی
آن طور              | آنطور
برود؟               | برود
اوست                | است
همجنس               | هم جنس
میکند"              | میکند
ادامهٔ              | ادامه
هر کدام             | هرکدام
نمی گه              | نمیگه
در او               | دروغ
وحشتناکم            | وحشتناکی هم
کنی                 | کنید - کنید
رهاشدگی             | رها
درماندگی            | شدگی درمانده که
ارزشی               | ارزش
نمی ده              | نمیده
خنثی                | خونسرد
نمی رسه             | نمیرسه
رسه                 | رسد
کاندیدای            | کاندید هوای
کوچولوی             | کوچولو
چارهٔ               | چاره - چاره
انبر                | انبوه
نمی گذارد           | نمیگذارد - نمیگذارد
فرورفته             | فرو رفته
خودبین              | خود بیژن
زورگو               | زور گو
آموخته              | آموخت
قدرتی               | قدرت
ضعفش                | ضعف است
می پوشاند           | میپوشاند
ناپسند              | نا پسند
آزاردهندهٔ          | آزاردهنده
مفلوک               | مخلوط
اش در               | در
دادزدن              | داد زدن
می ده               | میده
گام های             | گامهای
بالرین              | بالاترین
برمی                | بر می
آغوشی هم تعمیم      | تامین
دافعه               | داخلی
شب                  | شبه
انگیزه ای           | ای
سخنانی              | سخنرانی
طاقتش               | تا قاچ
غیرعادی             | غیر عادی
آزردن               | آوردن
مشخصهٔ              | مشخصه - مشخصه
مواجههٔ             | مواجهه
دیگریست             | دیگری است
انزواطلبانهٔ        | انزوا طلبان
بیخیالی             | بیخیالش
مبالات              | مو بالاتر
پرمخاطره            | پر مخاطره
تاثیراتی            | تاثیرات
محبتشان             | محبت نشانه
همدلی               | هم - هم دلی
جلساتی              | جلسات
سر خشم              | خشن
جنونی               | جنوب نیست
طوری که             | طوریکه
مزیتی               | وضعیتی - مدیریتی
کدامشان             | کدام شان
می آمدند            | میآمدند
نمی توانند          | نمیتوانند - نمیتوانند - نمیتوانند
احساساتشان          | احساسات شان
ساخت                | ساخته
قلعه اند            | غلات
اضطرابیست           | اضطراب است
غم های              | قندهای
پذیرند              | پذیرد
جنگجوهایی           | جنگ جو هایی
متارکهٔ             | مطالعه کی
غیرنظامی            | غیر
وفق                 | نظامی و
مضطربانه            | مضطرب بانو
می ترسند            | میترسند
به روی              | بروی
آسیبی               | اسیبی
نمی ماند            | نمیماند
بوده                | بود
اندوختهٔ            | اندوختههای
آزارشان             | آزار نشان
یکدیگرند            | یکدیگر دارند
تاثیرگذارتر         | تاثیرگذار تر
ضروریست             | ضروری است
ضعف های             | ظرفهای
هازن                | حاضر
شاور                | شعور
سبک های             | سبکهای
یابم                | یابند - یابند
قائلم               | قائل ام
توانم               | توانند
گیرایی اند          | گرایند
تلنگریست            | تلنگور ایست
ظرایف               | ورای
بی شمار             | بیشمار
هشتصد               | هشت صد
ثغور                | سقوط
پاراگراف            | پارک را
روانکاوی            | روان کاوی
واژه                | بازی
طرز                 | بطرز
مخربی               | مخرب
گفتگوی              | گفتگو
روانکاوانه          | ی روانکاو خانه
گزارند              | گذارند
پناهگاهی            | پناه گاهی
خیرخواهانه          | خیر خواهان آن
میزانی              | میزبانی
پیشروی              | پیش
لنگان               | روی - لنگر لنجان
زمینهٔ              | زمینه
برنامه ریزی         | برنامهریزی
نامهربان            | نامه قربان
به راحتی            | براحتی
بزرگ ترین           | بزرگترین
لحن لطیف            | لطیف
رواندرمانگر         | بحرانهای روان درمانگر
بازیگوشانهٔ         | بازی گوششان یا
نمی برند            | نمیبرند
ناملایمات           | نام ملایمت
برمی خورد           | برمیخورد
دیدگاه های          | دیدگاههای
حوزه های            | حوزههای
بررسی اش            | بررسیش
کوچکیست             | کوچکی است
حقیقتیست            | حقیقتی است
سروصداهای           | سر
گرداگردشان          | و صداهای گردان گردش آن
مجموعهٔ             | مجموعه
فوق العاده ای       | فوقالعادهای
نورگیرهای           | نور گیره های
دلگیرترین           | دل گیر تر این
آغازگر              | آغاز گر
پرخاشگرانهٔ         | پرخاشگرانه
نتیجهٔ              | نتیجه
وجههٔ               | وجهی
تهاجمی              | تهاجم
بسپارند             | بسپاریم
با تجربهٔ           | باتجربه
می توانیم           | میتوانیم
ناقوس های           | ناقوسهای
شناس                | شناسی
بی شک               | بیشک
استنباط             | استقبال
کارانه              | کارخانه
دیدگاهیست           | دیدگاه ایست
بینانه              | بی نان
غیردرون             | غیره
نگرانه              | درون نگرانی
تمایلی              | تمایل
می رانیم            | میرانیم
ضربه ای             | ضربهای
میندازیم            | بیندازیم
پرسش های            | پرسشهای
سرگردان             | سر گردان - سر گردان
ذهنمان              | ذهنم آن
متملقانه            | متملق
مقصدمان             | مقصد مان
سرسختانه            | سرسخت دانه
می شوند             | میشوند
سپیده               | سپید
بر خود              | برخورد
ترسوست خیالباف      | ترسو
خیانتکار            | باف
رفته تقریبا         | تقریبا
فارغ                | فارق
اشتباهاتش           | اشتباهات - اشتباهات
رگه                 | رگ
خودسری              | خود سری
زودرنجی             | زود رنجی
سالان               | سالانه
بدانند              | بداند
اندازهٔ             | اندازه
پایشان              | پای
ذخیرهٔ              | ذخیره
هرتفوردشایر         | هر فرد شایع
استعدادهایش         | استعدادهایی
تشعشع های           | چشمههای
گوشهٔ               | گوشه
سزاوارش             | عزا بارش
بی گناهی            | بیگناهی
نمی آورد            | نمیآورد
کسیست               | کسی است
یأس                 | است
دستانه              | دستانش
شکست                | شکسته
نمی خورد            | نمیخورد
شمایل               | شرایط
درمی یابد           | درمیابد - درمیابد
کاهلی               | کاهش
می نماید            | مینماید
سال های             | سالهای
بزند                | بزنند
موهبت هایش          | موهبتهایی
رویاهایش            | رویاهای اش
لوئی                | لو
کان                 | یکان
لوکوربوزیه          | لوکس
میس                 | بازیه
فَن                 | میز
دِروهه              | فن داروها
جفری                | جعفری
باوا                | بابا
پیشتاز              | پیش داد
ورشکستهٔ            | ور شکسته
تکاملی              | تکامل ی
تلاش های            | تلاشهای
تکاپو               | تکامل
سفینه               | صوفیه
روزه                | روز
در صورتی            | درصورتی
کمالگرا             | کمال گرایی
خراش                | خراب
نمی برد             | نمیبرد
می رفت              | میرفت
قرض های             | قرضهای
محاصرهٔ             | محاسبه این
فشارهاى             | فشار هاى
اقبالی              | اقبال ی
بینابینی            | بینی
منتظرند             | منتظر اند
منظرهٔ              | منظره
سورئال              | صور
روستاهای            | ال روستای
شدهٔ خانه           | شده
زمین های            | زمینهای
نورفولک             | نور فلک
راهرویی             | راهرو ای
نمی روند            | نمیروند
شب های              | شبهای
به طرز              | بطرز
می خواند            | میخواند
حالت های            | حالتهای
واپس                | وا پس
طی                  | تغییری
خاص                 | خواسته
در کار              | درکار
غامض                | قم از
