 000 | اِنْتِقالِ عَواطِفِ  | ˌenteq1ˈɑle ˌavɑtˈefe
 001 | صَفْحِ‌یِ هَشْتادْ وَ هَفْتْ  | sˈafheːjˈe hˈaʃtɑd vˈa hˈaft
 002 | بَعْدْ اَزْ گُذَشْتِ دُ سالْ اَزْ اِزْدِواجِشانْ رَبیعْ  | bˈaʔd az ɡozˈaʃte dˈo sˈɑl az ˌezdevɑdʒˈeʃɑn rˈabiʔ
 003 | کَماکانْ ثُباتِ شُغْلی نَدارَدْ  | kamˈɑkɑn sobˈɑte ʃˈoq1li nˈadɑrˌad
 004 | وَ دَرْ مَعْرَضِ خَطَرِ گَرْدِشِ کارْ  | vˈa dˈar maʔrˈaze xatˈare ɡardˈeʃe kˈɑr
 005 | وَ تَغییْرِ عَقیدِ‌یِ ناگَهانیِ مُشْتَری قَرارْ دارَدْ  | vˈa taq1ˈiːre aːq1ˈideːjˈe nˌɑɡahɑnˈie moʃtˈari q1arˈɑr dˈɑrad
 006 | دَرْ نَتیجِ  | dˈar nˈatidʒˌeː
 007 | وَقْتی شِرْکَتْ دَرْ اَوَّلِ ژانْویِ دَرْ آنْ طَرَفْ مَرْزِ  | vˈaq1ti ʃˈerkat dˈar ˈavvalˌe ʒɑnvˈijeː dˈar ɑn tˈaraf mˈarze
 008 | ساوِتِ شیلْدَزِ اِنْگِلِسْتانْ  | sˈɑvetˌe ʃildˈaze ˌenɡelˈestɑn
 009 | شَهْری سَخْتْ کوشْ کِ با قَطارِ دُ وَ نیمْ ساعَتْ تا عِدینْبِرُ فاصِلِ دارَدْ  | ʃˈahri sˈaxt kˈuːʃ kˈeː bɑ q1atˈɑre dˈo vˈa nˈim sˈɑʔat tɑː ʔˌedinbˈero fˈɑselˌeː dˈɑrad
 010 | قَرارْدادی عَظیمْ وَ طولانی مُدَّتْ می‌بَنْدَدْ  | q1arˈɑrdɑdˌi ˈaːzim vˈa tuːlˈɑni mˌoddˈat mibˈandad
 011 | رَبیعْ خِیْلی خُشْحالْ می‌شَوَدْ  | rˈabiʔ xˈejli xoʃhˈɑl miʃavˈad
 012 | کاری کِ قَرارْ اَسْتْ اَنْجامْ شَوَدْ  | kˈɑri kˈeː q1arˈɑr ˈast ˈaːndʒˈɑm ʃavˈad
 013 | آبادْ سازی دُبارِ زَمینْ اَطْرافِ بارْ اَنْدازْ  | ˈɑbˈɑd sˈɑzi dobˈɑreː zˈamin ˈaːtrˈɑfe bˈɑr ˈaːndˈɑz
 014 | وَ زَمینِ مَتْروکِ پُرْ اَزْ آلونَک‌هایِ صَنْعَتی  | vˈa zamˈine matrˈukeː pˈor az ˈɑluːnˌakhɑjˈe sanʔˈati
 015 | وَ تَبْدیلِ آنْها بِ پارْکْ کافِ  | vˈa tabdˈile ˌɑnhɑ beː pˈɑrk kˈɑfeː
 016 | وَ موزِ‌ای بَرایِ نِگَهْداریِ اَزْ یِکْ اَثَرِ تاریخیِ مَحَلّی اَسْتْ  | vˈa mˈuzeːiː bˌarɑjˈe nˌeɡahdɑrˈie az jˈek aːsˈare tˈɑrixˌie mahˈalli ˈast
 017 | بِ نامِ تایِنْ کِ اَزْ نَظَرِ قِدْمَتِ  | beː nˈɑme tˈɑjen kˈeː az nˈazarˌe q1edmˈate
 018 | دُوُّمینْ قایِقِ نِجاتْ دَرْ بِریتانیا اَسْتْ  | dovvˈomin q1ˈɑjeq1ˌe nˈedʒɑt dˈar bˌeritɑnˈiɑ ˈast
 019 | اونْ اَزْ رَبیعْ می‌پُرْسَدْ کِ آیا می‌خاهَدْ  | ˈuːn az rˈabiʔ mipˈorsad kˈeː ˈɑiˈɑ mixˈɑhad
 020 | مُدیریَتِ پُرُژِ را قَبولْ کُنَدْ یا خِیْرْ  | mˌodiriːjˈate porˈoʒeː rɑ q1ˈabul kˈonad jɑː xˈejr
 021 | کِ اِفْتِخارِ بُزُرْگی اَسْتْ  | kˈeː ˌeftexˈɑre bozˈorɡi ˈast
 022 | اَمّا مُسْتَلْزِمِ اینْ اَسْتْ کِ بِ مُدَّتِ یِکْ سالْ وَ نیمْ  | ˈammˌɑ mˌostalzˈeme iːn ˈast kˈeː beː mˌoddˈate jˈek sˈɑl vˈa nˈim
 023 | سِ شَبْ دَرْ ماهْ را دورْ اَزْ کِرِسْتِنْ بِگُذَرانْدْ  | sˈeː ʃˈab dˈar mˈɑh rɑ dˈuːr az kerˈesten beɡozˈarɑnd
 024 | بودْجِ مَحْدودْ اَسْتْ  | bˈuddʒeː mˈahdud ˈast
 025 | پَسْ دَرْ مِهْمانْسَرایِ پَریمیرِ  | pˈas dˈar mˌehmɑnsarˈɑje parimˈire
 026 | ساوِتِ شیلْدَزْ مُسْتَقَرْ می‌شَوَدْ  | sˈɑvetˌe ʃˈildaz mostˈaq1ar miʃavˈad
 027 | جایی نِسْبَتَنْ اَرْزانْ کِ بِیْنِ زِنْدانِ زَنانْ وَ اَنْبارِ کالا گیرْ اُفْتادِ_اَسْتْ  | dʒˌɑiː nesbˈatan ˈaːrzɑn kˈeː bˈejne zendˈɑne zanˈɑn vˈa ˈaːnbɑrˌe kˈɑlˈɑ ɡˈir oftˈɑdeː ˈast
 028 | شَبْها تَکْ وَتْنْها دَرْ رِسْتورانِ هُتِلْ  | ʃˈabhɑ tˈak vˈatnhɑ dˈar rˌesturˈɑne hˈotel
 029 | دیوارْ نیزْ شامْ می‌خُرْدْ  | dˈivɑr nˈiz ʃˈɑm mixˈord
 030 | جایی کِ یِکْ شَقِّ‌یِ گوشْتِ خوکْ زیرِ چَراغْهایِ مَحَلِ گوشْتْ بَری پُخْتِ_می‌شَوَدْ  | dʒˌɑiː kˈeː jˈek ʃˈaq1q1eːjˈe ɡˈuʃte xˈuːk zˈire tʃarˈɑq1hˈɑje mahˈale ɡˈuʃt bˌari pˈoxteː miʃavˈad
 031 | دَرْ طولِ دُوُّمینْ بازْدیدَشْ اَزْ آنْجا  | dˈar tˈuːle dovvˈomin bɑzdˈidaʃ az ˈɑndʒˈɑ
 032 | اَزْ مَسْئولانِ مَحَلّیِ راجِعْ بِ یِکْ سَری مَسائِلِ حَرْفْهایِ دوپِلو می‌شُنودْ  | az mˌasʔuːlˈɑne mˌahallˈie rˈɑdʒeʔ beː jˈek sˈari masˈɑʔelˌe harfhˈɑje duːpˈeːluː miʃˈonuːd
 033 | هَمِ آنْقَدْرْ تَرْسو هَسْتَنْدْ کِ نِمیتَوانَنْدْ تَصْمیماتِ بُزُرْگْ بِگیرَنْدْ  | hˈameː ˈɑnq1adr tˈarsuː hˈastand kˈeː nˈemitˈavɑnˌand tˌasmimˈɑte bozˈorɡ beɡˈirand
 034 | وَ تاَخیر‌ها می‌اُفْتَدْ بِ گَرْدَنِ قَوانینِ جورِ واجورِ سِفْتْ وَ سَخْتْ  | vˈa tˈaxirhɑ miˈoftad beː ɡardˈane q1avˈɑninˌe dʒˈuːre vˈɑdʒuːrˌe sˈeft vˈa sˈaxt
 035 | مُعْجِزِ اَسْتْ کِ تَوانِسْتِ‌اَنْدْ  | moʔdʒˈezeː ˈast kˈeː tˈavɑnˌesteːˈand
 036 | بِ هَمینْ جا هَمْ بِرِسَنْدْ  | beː hˈamin dʒɑ hˈam berˈesand
 037 | رَگی دَرْ گَرْدَنِ رَبیعْ هَسْتْ کِ اینْطُرْ مَواقِعِ تیرْ می‌کِشَدْ  | rˈaɡi dˈar ɡardˈane rˈabiʔ hˈast kˈeː ˈintoːr mavˈɑq1eʔˌe tˈir mikˈeʃad
 038 | کَمی بَعْدْ اَزْ ساعَتْ نه  | kˈami bˈaʔd az sˈɑʔat nˈa
 039 | دَرْحالیکِ با جورابْ رویِ فَرْشِ نایْلُنی قَدَمْ می‌زَنَدْ  | darhˈɑlikˌeː bɑ dʒuːrˈɑb rujˈe fˈarʃe nɑjlˈoni q1ˈadam mizˈanad
 040 | اَزْ اُتاقِ آلْبالویی وَ اَرْغَوانی‌اَشْ  | az otˈɑːq1e ˈɑlbˈɑluːˌiː vˈa ˌarq1avˈɑniˈaʃ
 041 | بِ کِرِسْتِنْ تِلِفُنْ می‌زَنَدْ  | beː kerˈesten tˌelefˈon mizˈanad
 042 | بِ او می‌گویَدْ  | beː ˈuː miɡˈujad
 043 | تَکْلْ یِ روزِ دِیْگَهْ  | tˈakl jˈeː rˈuːze dˈejɡah
 044 | با جَلَسِ‌یِ هایی کِ مَغْزِ آدَمْ رو کَرْخْ میکُنِ وَ  | bɑ dʒalˈaseːjˈe hˈɑiː kˈeː mˈaq1ze ˈɑdam rˈu kˈarx mikˈoneː vˈa
 045 | اَحْمَق‌هایِ شُرا  | ˈaːhmaq1hɑjˈe ʃˈoːrɑ
 046 | کِ بِدونِ دَلیلِ مُوَجَّهْ دَرْدِسَرْ دُرُسْتْ می‌کُنَنْ گُذَشْتْ  | kˈeː bedˈuːne dalˈile movˈadʒdʒah dardˈesar dˈorost mikˈonan ɡozˈaʃt
 047 | دِلَمْ خِیْلی بَراتْ تَنْگْ شُدِ  | dˈelam xˈejli bˈarɑt tˈanɡ ʃˈodeː
 048 | حاضِرَمْ واسِ اینْکِ هَمینْ اَلانْ کِنارَمْ باشی هَرْ کاری بُکُنَمْ  | hɑzˈeram vˈɑseː ˈinkeː hˈamin ˈaːlˈɑn kenˈɑːram bˈɑʃi har kˈɑri bokˈonam
 049 | کِرِسْتِنْ مَکْسی می‌کُنَدْ  | kerˈesten mˈaksi mikˈonad
 050 | رَبیعْ حِسْ می‌کُنَدْ  | rˈabiʔ hˈes mikˈonad
 051 | می‌تَوانَدْ صِدایِ کیلومِتْرْهایی را کِ بِیْنِشانْ فاصِلِ اَنْداخْتَنْدْ بِشِنَوَدْ  | mitavˈɑnad sˈedɑje kˌilumetrhˈɑiː rɑ kˈeː bˈejneʃˌɑn fˈɑselˌeː andˈɑxtand bˌeʃenˈavad
 052 | بَعْدْ با لَحْنی بی روحْ جَوابْ می‌دَهَدْ  | bˈaʔd bɑ lˈahni bi rˈuːh dʒˈavɑb midˈahad
 053 | کِ قَبْلْ اَزْ شُروعِ ماهِ مارْسْ  | kˈeː q1ˈabl az ʃˌoruːʔˈe mˈɑhe mˈɑrs
 054 | رَبیعْ بایَدْ اِسْمَشْ را  | rˈabiʔ bˈɑjad ˈesmaʃ rˈɑ
 055 | بِ بیمِ‌یِ ماشینْ اِضافِ کُنَدْ  | beː bˈimeːjˈe mˈɑʃin ezˈɑfeː kˈonad
 056 | وَ اینْ کِ هَمْسایِ‌یِ شانْ می‌خاهَدْ  | vˈa iːn kˈeː hamsˈɑjejˈe ʃˈɑn mixˈɑhad
 057 | راجِعْ بِ لولِ‌یِ فاضِلابْ با آنْها صُحْبَتْ کُنَدْ  | rˈɑdʒeʔ beː lˈuːleːjˈe fɑzˈelɑb bɑ ˌɑnhɑ sˈohbat kˈonad
 058 | هَمانْ کِ سَمْتِ باغْ اَسْتْ  | hamˈɑn kˈeː sˈamte bˈɑq1 ˈast
 059 | وَ دَرْ اینْجا رَبیعْ  | vˈa dˈar ˈindʒɑ rˈabiʔ
 060 | آرامْ وَلی با جِدّیَتْ تِکْرارْ می‌کُنَدْ  | ˈɑrˈɑm vˈali bɑ dʒeddˈijat tˈekrɑr mikˈonad
 061 | کِ دِلَشْ بَرایِ او تَنْگْ شُدِ  | kˈeː dˈelaʃ bˌarɑjˈe ˈuː tˈanɡ ʃˈodeː
 062 | وَ آرِزو می‌کُنَدْ کِ پیشِ هَمْ بودَنْدْ  | vˈa ˈɑrezˌu mikˈonad kˈeː pˈiʃe hˈam bˈuːdand
 063 | دَرْ عِدینْبِرُ کِرِسْتِنِ  | dˈar ʔˌedinbˈero kˌerestˈene
 064 | ژاکِتَشْ را پوشیدِ  | ʒˈɑketˌaʃ rɑ puːʃˈideː
 065 | وَ دَرْ یِکْ طَرَفِ کاناپِ طَرَفِ رَبیعْ  | vˈa dˈar jˈek tarˈafe kˈɑnˈɑpeː tarˈafe rˈabiʔ
 066 | با یِکْ ظَرْفِ ماهیِ تَنْ  | bɑ jˈek zˈarfe mɑhˈie tˈan
 067 | وَ یِکْ تِکِّ نانِ تِسْتْ رویِ پایَشْ چُمْباتْمِ زَدِ  | vˈa jˈek tˈekkeː nˈɑne tˈest rujˈe pˈɑjaʃ tʃombˈɑtme zˈadeː
 068 | کِرِسْتِنْ دُبارِ مَکْثْ می‌کُنَدْ  | kerˈesten dobˈɑreː mˈaks mikˈonad
 069 | اَمّا جَوابی کِ بِ رَبیعْ می‌دَهَدْ  | ˈammˌɑ dʒavˈɑbi kˈeː beː rˈabiʔ midˈahad
 070 | مُخْتَصَرْ وَ خُشْکْ وَ رَسْمی اَسْتْ  | moxtˈasar vˈa xˈoʃk vˈa rˈasmi ˈast
 071 | بَلِ  | bˈaleː
 072 | حِیْفْ کِ رَبیعْ نِمیتَوانَدْ بِبینَدْ  | hˈejf kˈeː rˈabiʔ nˈemitˌavɑnˌad bebinad
 073 | کِ کِرِسْتِنْ دارَدْ جُلُیِ ریخْتَنِ اَشْکِ هایَشْ را می‌گیرَدْ  | kˈeː kerˈesten dˈɑrad dʒˌolojˈe rixtˈane ˈaʃke hˌɑjaʃ rɑ miɡˈirad
 074 | اینْ اَوَّلینْ بارْ نیسْتْ کِ چِنینْ جَوِ سَرْدیِ بِیْنِشانْ بِ وُجودْ می‌آیَدْ  | iːn avvˈalin bˈɑr nˈist kˈeː tʃˈenin dʒˈave sardˈie bˈejneʃˌɑn beː vˈodʒuːd miˈɑjad
 075 | آخَرینْ بارْ کِ او اینْجا بودْ هَمْ  | ɑxˈarin bˈɑr kˈeː ˈuː ˈindʒɑ bˈuːd hˈam
 076 | وَضْعیَتی مُشابِهْ پیشْ آمَدْ  | vazʔˈiːjatˌi moʃˈɑbeh pˈiʃ ˈɑmad
 077 | وَ هَمْچِنینْ  | vˈa hamtʃˈenin
 078 | وَقْتی بَرایِ کُنْفِرانْسْ بِ دانْمارْکْ رَفْتِ_بودْ  | vˈaq1ti bˌarɑjˈe konfˈerɑns beː dˈɑnmɑrk rˈafteː bˈuːd
 079 | آنْ زَمانْ  | ɑn zamˈɑn
 080 | رَبیعْ کِرِسْتِنْ را سَرْزَنِشْ کَرْدْ  | rˈabiʔ kerˈesten rɑ sarzˈaneʃ kˈard
 081 | کِ چِرا پُشْتِ تِلِفُنِ عَجیبْ وَ غَریبْ اَسْتْ  | kˈeː tʃˈerɑ pˈoʃte tˌelefˈone ˈaːdʒib vˈa q1ˈarib ˈast
 082 | حالا او کامِلَنْ رَنْجیدِ‌خاطِرْ شُدِ  | hˈɑlɑ ˈuː kɑmˈelan randʒˈideːxˈɑter ʃˈodeː
 083 | او فَقَطْ مَعْقولانِ تَقاضایِ مُحَبَّتْ کَرْدْ  | ˈuː fˈaq1at mˌaʔq1uːlˈɑneː taq1ˈɑzˈɑje mohˈabbat kˈard
 084 | وَلی ناگَهانْ اِنْگارْ  | vˈali nɑɡˈahɑn ˈenɡɑr
 085 | دَرْ یِکْ بُنْ بَسْتْ گیرْ کَرْدِ_بودَنْدْ  | dˈar jˈek bˈon bˈast ɡˈir kˈardeː bˈuːdand
 086 | رَبیعْ بِ پَنْجَرِ‌هایِ زِنْدانْ روبَهْ رو نِگاهْ می‌کُنَدْ  | rˈabiʔ beː pandʒˈareːhɑjˈe zendˈɑn rˈubah rˈu nˈeɡɑh mikˈonad
 087 | هَرْ وَقْتْ کِ اَزْ کِرِسْتِنْ دورْ اَسْتْ اِحْساسْ می‌کُنَدْ  | har vˈaq1t kˈeː az kerˈesten dˈuːr ˈast ˈehsɑs mikˈonad
 088 | اِنْگارْ کِرِسْتِنْ می‌خاهَدْ  | ˈenɡɑr kerˈesten mixˈɑhad
 089 | فاصِلِ‌یِ بیشْتَری بِیْنِشانْ ایجادْ کُنَدْ  | fˈɑselˌeːjˈe biʃtˈari bˈejneʃˌɑn iːdʒˈɑd kˈonad
 090 | بیشْتَرْ اَزْ فاصِلِ‌ای کِ  | bˈiʃtar az fˈɑselˌeːiː kˈeː
 091 | دَریا وَ خُشْکی ایجادْ کَرْدِ‌اَنْدْ  | dˌariˈɑ vˈa xˈoʃki iːdʒˈɑd kˈardeːˈand
 092 | آرِزو می‌کُنَدْ ای کاشْ راهی پِیْدا می‌کَرْدْ کِ بِ کِرِسْتِنْ بِرِسَدْ  | ˈɑrezˌu mikˈonad iː kˈɑʃ rˈɑhi pˈejdɑ mikˈard kˈeː beː kerˈesten berˈesad
 093 | وَ دَرْ عَجَبْ اَسْتْ چِ چیزی مُمْکِنْ اَسْتْ  | vˈa dˈar ˈadʒab ˈast tʃeː tʃˈizi mˈomken ˈast
 094 | اینْ هَمِ کِرِسْتِنْ را  | iːn hˈameː kerˈesten rˈɑ
 095 | اَزْ او دورْ وَ دَسْتْ نَیافْتَنی کَرْدِ_باشَدْ  | az ˈuː dˈuːr vˈa dˈast nˈajˈɑftanˌi kˈardeː bˈɑʃad
 096 | کِرِسْتِنْ هَمْ خُدَشْ نِمی‌دانَدْ  | kerˈesten hˈam xˌodaʃ nˌemidˈɑnad
 097 | او با چَشْمانِ خیسْ  | ˈuː bɑ tʃaʃmˈɑne xˈis
 098 | بِ تَنِ‌یِ دِرَخْتیِ مُسِنّ  | beː tˈaneːjˈe derˈaxtiˌe mˈosenn
 099 | وَ سَرْما وَ گَرْما چِشیدِ نِگاهْ می‌کُنَدْ  | vˈa sarmˈɑ vˈa ɡarmˈɑ tʃeʃˈide nˈeɡɑh mikˈonad
 100 | وَ با تَمَرْکُزْ بِخُصوصْ بِ کِلاسُری فِکْرْ می‌کُنَدْ  | vˈa bɑ tamˈarkoz bexˈosuːs beː kˌelɑsˈori fˈekr mikˈonad
 101 | کِ بایَدْ یادَشْ باشَدْ فَرْدا با خُدْ بِ سَرِ کارْ بِبَرَدْ  | kˈeː bˈɑjad jˈɑdaʃ bˈɑʃad fardˈɑ bɑ xod beː sˈare kˈɑr bebˈarad
 102 | ساخْتارْ اینْطُرْ بِ نَظَرْ می‌رِسَدْ  | sˈɑxtˈɑr ˈintoːr beː nˈazar mirˈesad
 103 | مُقِعیَتی یا حَرْفی ظاهِرَنْ عادی  | mˌoq1eʔiːjˈati jɑː hˈarfi zɑhˈeran ˈɑdi
 104 | واکُنِشی اَزْ سویِ یِکی اَزْ زُجِیْنْ دَرْیافْتْ می‌کُنَدْ  | vˌɑkonˈeʃi az sˈuːje jˈeki az zˈoːdʒejn dˈarjɑft mikˈonad
 105 | کِ چَنْدانْ تُجیه‌یِ پَذیرْ نِمی‌نَمایَدْ  | kˈeː tʃˈandɑn tˈodʒihjˈe pˈazir nˌeminamˈɑjad
 106 | واکُنِشی کِ بِ طَرْزِ عَجیبی  | vˌɑkonˈeʃi kˈeː beː tˈarze aːdʒˈibi
 107 | سَرْشارْ اَسْتْ اَزْ دِلْخُری یا تَشْویشْ وَ  | sarʃˈɑr ˈast az delxˈori jɑː tˈaʃviʃ vˈa
 108 | تَحْریکِ پَذیری یا سَرْدی  | tahrˈike pazˈiri jɑː sˈardi
 109 | هَراسْ یا تُهْمَتِ مُتِقابِلْ  | harˈɑs jɑː tohmˈate mˌoteq1ˈɑbel
 110 | شَخْصِ دَرْیافْتِ کُنَنْدِ‌یِ اینْ واکُنِشْ  | ʃˈaxse darjˈɑfte konˈandeːjˈe iːn vɑkˈoneʃ
 111 | مَبْهوتْ می‌شَوَدْ  | mˈabhuːt miʃavˈad
 112 | بِ هَرْحالْ فَقَطْ یِکْ دَرْخاسْتِ سادِ  | beː hˈarhɑl fˈaq1at jˈek darxˈɑste sˈɑdeː
 113 | بَرایِ خُداحافِظیِ عاشِقانِ  | bˌarɑjˈe xˌodɑhˌɑfezˈie ˈɑʃeq1ˌɑneː
 114 | یِکی دُ بُشْقابْ نَشُسْتِ تویِ ظَرْفْشویی  | jˈeki dˈo bˈoʃq1ɑb naʃˈosteː tujˈe zarfʃˈuiː
 115 | یِکْ شوخیِ جُزْئی  | jˈek ʃuːxˈie dʒozˈʔi
 116 | یا فَقَطْ چَنْدْ دَقیقِ تاَخیرْ بودْ  | jɑː fˈaq1at tʃˈand daq1ˈiq1eː tˈaxir bˈuːd
 117 | پَسْ دَلیلِ اینْ واکُنِشِ عَجیبْ  | pˈas dalˈile iːn vˌɑkonˈeʃe ˈaːdʒib
 118 | وَ بِ نُعی اِغْراقْ شُدِ چیسْتْ  | vˈa beː nˈoʔi ˈeq1rɑq1 ʃˈodeː tʃˈist
 119 |  فَرْدْ اَگَرْ بِخاهَدْ  | fˈard ˌaɡˈar bexˈɑhad
 120 | با تَوَجُّهْ بِ حَقایِقِ مُجودْ  | bɑ tˈavadʒdʒˌoh beː haq1ˈɑjeq1ˌe mˈodʒuːd
 121 | اَزْ دَلیلِ چِنینْ رَفْتارْهایی سَرْ دَرْبیاوَرْدْ  | az dalˈile tʃˈenin raftˈɑrhˈɑiː sˈar dˌarbiˈɑvard
 122 | بِ نَظَرَشْ اینْ رَفْتارْها  | beː nˈazarˌaʃ iːn raftˈɑrhɑ
 123 | بی مَعْنی میرَسَنْدْ  | bi mˈaʔni mirˈasand
 124 | اِنْگارْ کِ بَرْخی جَنْبِ‌هایِ سِناریُیِ حاضِرْ  | ˈenɡɑr kˈeː bˈarxi dʒˈanbeːhɑjˈe sˌenɑrˌijoˈie hˈɑzer
 125 | اَزْ مَنْبَعِ دیگَری نیرو جَذْبْ می‌کَرْدَنْدْ  | az manbˈaʔe dˈiɡarˌi nˈiruː dʒˈazb mikˈardand
 126 | اِنْگارْ کِ اینْ نیرو  | ˈenɡɑr kˈeː iːn nˈiruː
 127 | ناغافِلْ مُجِبِ نُعی رَفْتارْ شُدِ کِ دَرْ اَصْلِ  | nɑq1ˈɑfel modʒˈebe nˈoʔi raftˈɑr ʃˈodeː kˈeː dˈar ˈaːsle
 128 | شَخْصْ مُقابِلِ  | ʃˈaxs mˌoq1ɑbˈele
 129 | مُدَّتْها قَبْلْ دَرْ ذِهْنِ خُدْ پَرْوَرانْدِ  | mˌoddˈathɑ q1ˈabl dˈar zˈehne xod pˌarvarˈɑndeː
 130 | بَرایِ مُواجِهْ شُدَنْ با خَطَری بِ خُصوصْ  | bˌarɑjˈe movˈɑdʒeh ʃˈodan bɑ xatˈari beː xˈosuːs
 131 | کِ اَکْنونْ بِ طَریقی  | kˈeː ˈaːknuːn beː tarˈiq1i
 132 | دَرْ حالَتِ ناخُدآگاهْ  | dˈar hɑlˈate nɑxˈodɑɡˌɑh
 133 | دُبارِ بَراَنْگیخْتِ شُدِ_اَسْتْ  | dobˈɑreː bˌaranɡˈixte ʃˈodeː ˈast
 134 | دَرْ اِصْطِلاحِ رَوانْشِناسی  | dˈar ˌestelˈɑhe ravˈɑnʃenˌɑsi
 135 | کَسی کِ واکُنِشِ نامَعْقولْ نِشانْ می‌دَهَدْ  | kˈasi kˈeː vˌɑkonˈeʃe nɑmˈaʔq1uːl nˈeʃɑn midˈahad
 136 | مَسْئولِ اِنْتِقالِ اِحْساسی اَزْ گُذَشْتِ  | masʔˈuːle ˌenteq1ˈɑle ehsˈɑsi az ɡozˈaʃteː
 137 | بِ شَخْصی دَرْحالْ اَسْتْ  | beː ʃˈaxsi dˈarhɑl ˈast
 138 | شَخْصی کِ شایَدْ تَمامَنْ مُسْتَحَقِ آنْ نَباشَدْ  | ʃˈaxsi kˈeː ʃˈɑjad tamˈɑman mˌostahˈaq1e ɑn nabˈɑʃad
 139 | ذِهْنِ ما بِ طَرْزِ عَجیبی  | zˈehne mɑ beː tˈarze aːdʒˈibi
 140 | دَرْ تَشْخیصِ اینْکِ  | dˈar taʃxˈise ˈinkeː
 141 | دَرْ چِ دُرِ‌ای قَرارْ دارَدْ  | dˈar tʃeː dˈoreːiː q1arˈɑr dˈɑrad
 142 | هَمیشِ هَمْ خوبْ عَمَلْ نِمی‌کُنَدْ  | hamˈiʃeː hˈam xˈuːb ˈamal nˌemikˈonad
 143 | کَمی بیشْ اَزْ حَدِّ راحَتْ جَهِشْ می‌کُنَدْ  | kˈami bˈiʃ az hˈadde rˈɑhat dʒˈaheʃ mikˈonad
 144 | مِثْلِ شَخْصی دُزْدْ زَدِ  | mˈesle ʃˈaxsi dˈozd zˈadeː
 145 | کِ هَمیشِ کِنارِ تَخَتُّشِ یِکْ تُفَنْگْ می‌گُذارَدْ  | kˈeː hamˈiʃeː kenˈɑːre tˌaxattˈoʃe jˈek tˈofanɡ miɡozˈɑrad
 146 | وَ با کوچَکْتَرینْ صِدایی اَزْ خابْ می‌پَرَدْ  | vˈa bɑ kˌuːtʃaktˈarin sedˈɑi az xˈɑb mipˈarad
 147 | آنْچِ بَرایِ عَزیزانی کِ دَرْ نَزْدیکیِ ما هَسْتَنْدْ بَدْتَرْ اَسْتْ  | ˌɑntʃe bˌarɑjˈe ˌaːzizˈɑni kˈeː dˈar nˈazdikˌie mɑ hˈastand bˈadtar ˈast
 148 | اینْ اَسْتْ کِ اَفْرادِ دَرْگیرْ دَرْ اینْ اِنْتِقالْ  | iːn ˈast kˈeː ˈaːfrˈɑde dˈarɡir dˈar iːn ˌenteq1ˈɑl
 149 | بِ راحَتی نِمیتَوانَنْدْ بِفَهْمَنْدْ کِ دُنْبالِ چِ هَسْتَنْدْ  | beː rɑhˈati nˈemitˈavɑnˌand befˈahmand kˈeː donbˈɑle tʃeː hˈastand
 150 | چِ بِرِسَدْ بِ اینْکِ بِتَوانَنْدْ  | tʃeː berˈesad beː ˈinkeː bˌetavˈɑnand
 151 | دَرْ آرامِشِ آنْ را تُضیحْ دَهَنْدْ  | dˈar ˌɑrɑmˈeʃe ɑn rɑ tˈozih dˈahand
 152 | آنانْ صِرْفَنْ حِسْ می‌کُنَنْدْ کِ واکُنِشِشانْ  | ˈɑnˈɑn sˈerfan hˈes mikˈonand kˈeː vˌɑkoneʃˈeʃɑn
 153 | کامِلَنْ مُناسِبِ مُقِعیَتْ اَسْتْ  | kɑmˈelan mˌonɑsˈebe mˌoq1eʔˈiːjat ˈast
 154 | اَزْ سویِ دیگَرْ شَریکِ زِنْدِگیِ شانْ مُمْکِنْ اَسْتْ  | az sˈuːje dˈiɡar ʃarˈike zˈendeɡˌie ʃˈɑn mˈomken ˈast
 155 | بِ نَتیجِ‌یِ نِسْبَتَنْ مُتَفاوِتْ  | beː nˈatidʒˌeːjˈe nesbˈatan mˌotafˈɑvet
 156 | وَ کَمْتَرْ خُدْسِتایانِ بِرِسَدْ  | vˈa kˈamtar xodsˌetɑjˈɑneː berˈesad
 157 | اینْکِ مُشَخَّصَنْ عَجیبْ وَ غُریبَنْدْ  | ˈinkeː mˌoʃaxxˈasan ˈaːdʒib vˈa q1orˈiband
 158 | وَ شایَدْ حَتّا کَمی دیوانِ  | vˈa ʃˈɑjad hˌattˈɑ kˈami divˈɑneː
 159 | پِدَرْ کِرِسْتِنْ  | pˈedar kerˈesten
 160 | زَمانی کِ او هَفْتْ سالِ اَسْتْ تَرْکِشْ می‌کُنَدْ  | zamˈɑni kˈeː ˈuː hˈaft sˈɑleː ˈast tˈarkeʃ mikˈonad
 161 | او بِدونِ اِعْلامِ قَبْلی  | ˈuː bedˈuːne eʔlˈɑme q1ˈabli
 162 | یا هیچْ تُضیحی اَزْ خانِ می‌رَوَدْ  | jɑː hˈitʃ tozˈihi az xˈɑneː mirˈavad
 163 | دُرُسْتْ روزِ قَبْلْ اَزْ رَفْتَنَشْ  | dˈorost rˈuːze q1ˈabl az rˈaftanˌaʃ
 164 | نَقْشِ شُتُرْ را دَرْ اُتاقِ پَذیرایی بازی می‌کُنَدْ  | nˈaq1ʃe ʃˈotor rɑ dˈar otˈɑːq1e pˌazirˈɑiː bˈɑzi mikˈonad
 165 | وَ کِرِسْتِنْ را پُشْتِ سَرَشْ سَوارْ کَرْدِ  | vˈa kerˈesten rɑ pˈoʃte sˈaraʃ savˈɑr kˈardeː
 166 | وَ دورِ کاناپِ وَ مُبْل‌ها میچَرْخانْدْ  | vˈa dˈuːre kˈɑnˈɑpeː vˈa mˈoblhɑ mitʃarxˈɑnd
 167 | مُقِعِ خابْ بَرایَشْ اَزْ کِتابِ داسْتان‌هایِ عامیانِ‌یِ آلْمانی  | moq1ˈeʔe xˈɑb barˈɑjaʃ az ketˈɑbe dˈɑstɑnhɑjˈe ˈɑmiˌɑneːjˈe ɑlmˈɑni
 168 | داسْتانِ هاییِ راجِعْ بِ کودَکانْ تَنْها  | dɑstˈɑne hɑˈiːe rˈɑdʒeʔ beː kuːdˈakɑn tˈanhɑ
 169 | وَ نامادَری‌هایِ بَدْجِنْسْ  | vˈa nɑmˈɑdarˌihɑjˈe bˈaddʒens
 170 | جادوگَری وَ گُمْ شُدَنْ می‌خانْدْ  | dʒˌɑduɡˈari vˈa ɡˈom ʃˈodan mixˈɑnd
 171 | او بِ کِرِسْتِنْ می‌گویَدْ کِ آنْها فَقَطْ داسْتانْ هَسْتَنْدْ  | ˈuː beː kerˈesten miɡˈujad kˈeː ˌɑnhɑ fˈaq1at dˈɑstɑn hˈastand
 172 | وَ بَعْدْ خُدَشْ ناپَدیدْ می‌شَوَدْ  | vˈa bˈaʔd xˌodaʃ nɑpˈadid miʃavˈad
 173 | واکْنْشْهایِ بِسْیاری  | vˈɑknʃhˈɑje besjˈɑri
 174 | مُمْکِنْ اَسْتْ وُجودْ داشْتِ_باشَدْ  | mˈomken ˈast vˈodʒuːd dˈɑʃteː bˈɑʃad
 175 | واکُنِشِ کِرِسْتِنْ اینْ اَسْتْ کِ تَحْتِ تَأْثیرْ قَرارْ نَگیرَدْ  | vˌɑkonˈeʃe kerˈesten iːn ˈast kˈeː tahtˈe tˈaʔsir q1arˈɑr nˈaɡirˌad
 176 | اَزْ پَسْشْ بَرْ نِمی‌آیَدْ  | az pˈasʃ bar nˌemiˈɑjad
 177 | او وَضْعیَتِ خوبی دارَدْ  | ˈuː vazʔˈiːjatˌe xˈuːbi dˈɑrad
 178 | اینْ چیزی اَسْتْ کِ هَمِ می‌گویَنْدْ  | iːn tʃˈizi ˈast kˈeː hˈameː miɡˈujand
 179 | مُعَلِّم‌هایَشْ دُ خالِ‌اَشْ  | moʔˈallemhˌɑjaʃ dˈo xˈɑleːˈaʃ
 180 | مُشاوِری کِ او مُدَّتی نَزْدَشْ می‌رَوَدْ  | mˌoʃɑvˈeri kˈeː ˈuː mˌoddˈati nˈazdaʃ mirˈavad
 181 | دَرْسَشْ واقِعَنْ پیشْرَفْتْ می‌کُنَدْ  | dˈarsaʃ vɑq1ˈeʔan pˈiʃraft mikˈonad
 182 | اَمّا او اَزْ دَرونْ حَتّا ذَرِ‌ای با اینْ قَضیِ کِنارْ نَیامَدِ  | ˈammˌɑ ˈuː az dˈarun hˌattˈɑ zˈareːiː bɑ iːn q1azˈije kenˈɑːr nˌajɑmˈadeː
 183 | گِریسْتَنْ نیرویِ خاصی را طَلَبْ می‌کُنَدْ  | ɡerˈistan nˌiruːjˈe xˈɑsi rɑ tˈalab mikˈonad
 184 | اِطْمینانْ اَزْ اینْکِ فَرْدْ باِلاَخَرِ بِتَوانَدْ  | etmˈinɑn az ˈinkeː fˈard bˌelaxˈareː betavˈɑnad
 185 | اَشْکِ هایَشْ را بَنْدْ بیاوَرَدْ  | ˈaʃke hˌɑjaʃ rɑ bˈand bˌijɑvˈarad
 186 | او نِمی‌تَوانَدْ خِیْلی شیکْ فَقَطْ کَمی ناراحَتْ باشَدْ  | ˈuː nˌemitavˈɑnad xˈejli ʃˈik fˈaq1at kˈami nɑrˈɑhat bˈɑʃad
 187 | اِحْتِمالِ اینْ خَطَرْ می‌رَوَدْ کِ دَرْهَمْ بِشِکَنَدْ  | ˌehtemˈɑle iːn xˈatar mirˈavad kˈeː dˈarham bˌeʃekˈanad
 188 | وَ هیچْگاهْ نَفَهْمَدْ  | vˈa hitʃɡˈɑh nˈafahmˌad
 189 | چِگونِ بایَدْ تِکِّ‌هایِ شِکَسْتِ را  | tʃeɡˈuneː bˈɑjad tˈekkeːhɑjˈe ʃekˈasteː rˈɑ
 190 | دُبارِ سَرْ هَمْ کُنَدْ  | dobˈɑreː sˈar hˈam kˈonad
 191 | بَرایِ جُلُگیری اَزْ اینْ اِحْتِمالْ  | bˌarɑjˈe dʒˌoloɡˈiri az iːn ˌehtemˈɑl
 192 | او تا جایی کِ می‌تَوانَدْ  | ˈuː tɑː dʒˌɑiː kˈeː mitavˈɑnad
 193 | زَخْمِ هایَشْ را می‌سوزانْدْ  | zˈaxme hˌɑjaʃ rɑ misuːzˈɑnd
 194 | دَرْ هَفْتْ سالِگی  | dˈar hˈaft sˈɑleɡˌi
 195 | او اَکْنونْ می‌تَوانَدْ  | ˈuː ˈaːknuːn mitavˈɑnad
 196 | بِ رَوِشِ خُدَشْ عِشْقْ بِوَرْزَدْ  | beː rˈaveʃˌe xˌodaʃ ˈeːʃq1 bevˈarzad
 197 | اَمّا چیزی کِ نِمی‌تَوانَدْ تَحَمُّلْ کُنَدْ  | ˈammˌɑ tʃˈizi kˈeː nˌemitavˈɑnad tahˈammol kˈonad
 198 | دِلْتَنْگیِ شَدیدْ بَرایِ یِکْ نَفَرْ اَسْتْ  | dˌeltanɡˈie ʃˈadid bˌarɑjˈe jˈek nˈafar ˈast
 199 | حَتّا اَگَرْ آنْ شَخْصْ دَرْ شَهْری باشَدْ  | hˌattˈɑ ˌaɡˈar ɑn ʃˈaxs dˈar ʃˈahri bˈɑʃad
 200 | کِ اَزْ جُنوبِ شَرْقْ تَنْها چَنْدْ ساعَتْ با او فاصِلِ دارَدْ  | kˈeː az dʒonˈuːbe ʃˈarq1 tˈanhɑ tʃˈand sˈɑʔat bɑ ˈuː fˈɑselˌeː dˈɑrad
 201 | وَ بِ اِحْتِمالِ زیادْ چَنْدْ روزِ دیگَرْ  | vˈa beː ˌehtemˈɑle ziˈɑd tʃˈand rˈuːze dˈiɡar
 202 | با قَطارْ ساعَتِ هِجْدَهْ وَ بیسْتْ وَ دُ  | bɑ q1atˈɑr sɑʔˈate hˈedʒdah vˈa bist vˈa dˈo
 203 | بِ خانِ بازْ می‌گَرْدَدْ  | beː xˈɑneː bˈɑz miɡˈardad
 204 | اَمّا او نِمی‌تَوانَدْ  | ˈammˌɑ ˈuː nˌemitavˈɑnad
 205 | اینْ عادِتَشْ را تُضیحْ دَهَدْ  | iːn ˈɑdetˌaʃ rɑ tˈozih dˈahad
 206 | یا حَتّا آنْ را دُرُسْتْ دَرْکْ کُنَدْ  | jɑː hˌattˈɑ ɑn rɑ dˈorost dˈark kˈonad
 207 | اینْ عادَتْ  | iːn ˈɑdat
 208 | باعِثِ مَحْبوبیَتَشْ دَرْ خانِ نِمی‌شَوَدْ  | bˈɑʔesˌe mˌahbuːbiːjˈataʃ dˈar xˈɑneː nˌemiʃavˈad
 209 | دَرْ حالَتِ مَطْلوبْ  | dˈar hɑlˈate mˈatluːb
 210 | او می‌بایِسْتْ یِکْ روحِ نِگَهْبانْ  | ˈuː mibˈɑjest jˈek rˈuːhe neɡˈahbɑn
 211 | با نیروهایِ جادویی دَرْ خِدْمَتْ داشْتِ_باشَدْ  | bɑ nˌiruːhˈɑje dʒɑdˈuiː dˈar xˈedmat dˈɑʃteː bˈɑʃad
 212 | تا بِ مَحْضِ اینْکِ رَبیعْ بِخاهَدْ آزُرْدِ شَوَدْ  | tɑː beː mˈahze ˈinkeː rˈabiʔ bexˈɑhad ɑzˈordeː ʃavˈad
 213 | عَمَلْ را مُتِوَقِّفْ کُنَدْ  | ˈamal rɑ mˌotevˈaq1q1ef kˈonad
 214 | تا بَعْدْ با سُرْعَتِ  | tɑː bˈaʔd bɑ sorʔˈate
 215 | او را اَزْ هُتِلِ اَرْزانَشْ حَرِکَتْ دَهَدْ  | ˈuː rɑ az hotˈele ˈaːrzɑnˌaʃ harˈekat dˈahad
 216 | وَ اَزْ میانِ اَبْرَهایِ مُتِراکِمِ مُجودْ دَرْ پایین‌تَرینْ لایِ‌یِ جَوْ  | vˈa az miˈɑne ˈaːbrahˈɑje mˌoterɑkˈeme mˈodʒuːd dˈar pˈɑjintˈarin lˈɑjejˈeː dʒˈav
 217 | عُبورْ دَهَدْ  | ˈobuːr dˈahad
 218 | وَ بِ اینورَسِ نیمْ قَرْنْ پیشْ بِبَرَدْ  | vˈa beː ˌiːnuːrˈase nˈim q1ˈarn pˈiʃ bebˈarad
 219 | جایی کِ او می‌تَوانَدْ اَزْ پَنْجَرِ‌یِ خانِ‌ای کوچَکْ بِ داخِلِ خانِ خیرِ شَوَدْ  | dʒˌɑiː kˈeː ˈuː mitavˈɑnad az pandʒˈareːjˈe xˈɑneːiː kˈuːtʃak beː dˈɑxelˌe xˈɑneː xˈireː ʃavˈad
 220 | وَ دَرْ اُتاقِ خابِ کوچَکی  | vˈa dˈar otˈɑːq1e xˈɑbe kuːtʃˈaki
 221 | دُخْتَرَکْ را با پیژامِ‌یِ خِرْسی بِبینَدْ  | doxtˈarak rɑ bɑ piʒˈɑmeːjˈe xˈersi bebinad
 222 | کِ پُشْتِ میزَشْ نِشَسْتِ  | kˈeː pˈoʃte mˈizaʃ neʃˈasteː
 223 | وَ با دِقَّتْ وَ بِ قاعِدِ‌  | vˈa bɑ dˈeq1q1at vˈa beː q1ˈɑʔedˌeː
 224 | یِ مُرَبَّع‌هایِ رویِ کاغَذِ بُزُرْگی را رَنْگْ می‌کُنَدْ  | jˈe morˈabbaʔhˈɑje rujˈe kɑq1ˈaze bozˈorɡi rɑ rˈanɡ mikˈonad
 225 | وَ سَعْیْ می‌کُنَدْ ظاهِرَشْ را حِفْظْ کُنَدْ  | vˈa sˈaʔj mikˈonad zˈɑherˌaʃ rɑ hˈefz kˈonad
 226 | وَ ذِهْنَشْ فارِغْ اَزْ غَمِ طاقِتِ فَرْسایی اَسْتْ  | vˈa zˈehnaʃ fˈɑreq1 az q1ˈame tˈɑq1etˌe farsˈɑiː ˈast
 227 | کِ نِمی‌تَوانَدْ آنْ را بِپَذیرَدْ  | kˈeː nˌemitavˈɑnad ɑn rɑ bepazˈirad
 228 | اَگَرْ رَبیعْ  | ˌaɡˈar rˈabiʔ
 229 | تَصَوُّری اَزْ اینْ تَحَمُّلِ خیشْتَنْ دارانِ‌یِ کِرِسْتِنْ داشْتْ  | tˌasavvˈori az iːn tˌahammˈole xˈiʃtan dˈɑrɑnˌeːjˈeː kerˈesten dˈɑʃt
 230 | طَبیعَتَنْ با او هَمْ دَرْدی می‌کَرْدْ  | tˌabiˈatan bɑ ˈuː hˈam dˈardi mikˈard
 231 | دَرْ آنْ صورَتْ دَلایِلِ مُؤَثِّرْ بَرْ توداریِ او را می‌فَهْمیدْ  | dˈar ɑn sˈurat dˌalɑjˈele moʔˈasser bar tˌudɑrˈie ˈuː rɑ mifˈahmid
 232 | وَ بی‌دِرَنْگْ  | vˈa bidˈeranɡ
 233 | آزُرْدِگیِ خُدَشْ را فُرو می‌نِشانْدْ  | ˌɑzordeɡˈie xˌodaʃ rɑ fˈoru minˈeʃɑnd
 234 | تا مِهْرْبانانِ  | tɑː mˌeːhrbɑnˈɑneː
 235 | بِ او اِطْمینانِ خاطِرْ بِدَهَدْ وَ با او هَمْ دَرْدی کُنَدْ  | beː ˈuː ˌetminˈɑne xˈɑter bedˈahad vˈa bɑ ˈuː hˈam dˈardi kˈonad
 236 | اَمّا اَزْ آنْجا کِ هیچْ روحِ پَرَنْدِ‌یِ وُجودْ نَدارَدْ  | ˈammˌɑ az ˈɑndʒˈɑ kˈeː hˈitʃ rˈuːhe parˈandeːjˈeː vˈodʒuːd nˈadɑrˌad
 237 | وَ بَنابَراینْ  | vˈa bˌanɑbˈarin
 238 | بِ هیچْ رِوایَتِ حِسی تِکانْدَهَنْدِ‌ای هَمْ اِشارِ نَشُدِ  | beː hˈitʃ rˌevɑjˈate hˈesi tˌekɑndahˈandeːiː hˈam eʃˈɑreː naʃˈodeː
 239 | کِ گُذَشْتِ‌یِ کِرِسْتِنْ را بازْ نِمودْ کُنَدْ  | kˈeː ɡozˈaʃteːjˈe kerˈesten rɑ bˈɑz nˈemud kˈonad
 240 | رَبیعْ بایَدْ  | rˈabiʔ bˈɑjad
 241 | تَنْها بِ سَرْ دَرآوَرْدَنْ اَزْ واکُنِشِ بی اِحْساسِ کِرِسْتِنْ  | tˈanhɑ beː sˈar darɑvˈardan az vˌɑkonˈeʃe bi ehsˈɑse kerˈesten
 242 | کِفایَتْ کُنَدْ  | kefˈɑjat kˈonad
 243 | چالِشی کِ دَرْ او  | tʃɑlˈeʃi kˈeː dˈar ˈuː
 244 | وَسْوَسِ‌ای قابِلِ پیش‌بینی وَ اِجْتِنابِ ناپَذیرْ  | vasvˈaseːiː q1ˈɑbelˌe pˈiʃbˈini vˈa ˌedʒtenˈɑbe nɑpˈazir
 245 | بَرایِ قِضاوَتْ کَرْدَنْ وَ آزُرْدِ شُدَنْ بَرْ می‌اَنْگیزَدْ  | bˌarɑjˈe q1ezˈɑvat kˈardan vˈa ɑzˈordeː ʃˈodan bar mianɡˈizad
 246 | ما اَغْلَبِ اُقاتْ  | mɑ ˈaːq1labˌe ˈoːq1ɑt
 247 | طِبْقِ نُسْخِ هایی عَمَلْ می‌کُنیمْ  | tˈebq1e nˈosxeː hˈɑiː ˈamal mikˈonim
 248 | کِ بَرایِ بِحَرانْهایِ قَدیمی پیچیدِ‌ایمْ  | kˈeː bˌarɑjˈe beharˈɑnhˈɑje q1adˈimi pitʃˈideːˈiːm
 249 | وَ تَقْریبَنْ آگاهانِ فَراموشِشانْ کَرْدِ‌ایمْ  | vˈa taq1rˈiban ˌɑːɡɑhˈɑneː farˈɑmuʃˌeʃɑn kˈardeːˈiːm
 250 | بَرْ اَساسِ مَنْطِقِ مَنْسوخْ رَفْتارْ می‌کُنیمْ  | bar ˈaːsˈɑse mantˈeq1e mˈansuːx raftˈɑr mikˈonim
 251 | کِ اَکْنونْ یادِمانْ نِمی‌آیَدْ  | kˈeː ˈaːknuːn jˈɑdemˌɑn nˌemiˈɑjad
 252 | بِ دُنْبالِ مَفْهومی هَسْتیمْ  | beː donbˈɑle mafhˈuːmi hˈastim
 253 | کِ نِمی‌تَوانیمْ دُرُسْتْ بِ آنْهایی کِ بیشْتَرینْ وابَسْتِگی را بِهِشانْ داریمْ  | kˈeː nˌemitˈavɑnˌim dˈorost beː ɑnhˌɑiː kˈeː biʃtˈarin vˈɑbastˌeɡi rɑ beheʃɑn dˈɑrim
 254 | اِبْرازْ کُنیمْ  | ˈebrɑz kˈonim
 255 | شایَدْ تَلاشْ کُنیمْ کِ بِفَهْمیمْ  | ʃˈɑjad talˈɑʃ kˈonim kˈeː befˈahmim
 256 | حَقیقَتَنْ دَرْ کُدامْ دُرِ اَزْ زِنْدِگیِمانْ بِسَرْ می‌بَریمْ  | hˌaq1iq1ˈatan dˈar kˈodɑm dˈoreː az zˈendeɡˌijemˌɑn bˈesar mibˈarim
 257 | واقِعَنْ با چِ کَسی روبِرو هَسْتیمْ  | vɑq1ˈeʔan bɑ tʃeː kˈasi rubˈeru hˈastim
 258 | وَ طَرَفِ مُقابِلِ شایِسْتِ چِ نُعْ رَفْتاری اَسْتْ  | vˈa tarˈafe mˌoq1ɑbˈele ʃɑjˈesteː tʃeː nˈoʔ raftˈɑri ˈast
 259 | بَرایِ نَزْدیکْ شُدَنْ بِ دیگَری  | bˌarɑjˈe nˈazdik ʃˈodan beː dˈiɡarˌi
 260 | میتَوانیمْ کَمی زِرَنْگْ باشیمْ  | mitˈavɑnˌim kˈami zˈeranɡ bˈɑʃim
 261 | رَبیعْ هَمْ فَرْقِ چَنْدانی با هَمْسَرَشْ نَدارَدْ  | rˈabiʔ hˈam fˈarq1e tʃandˈɑni bɑ hamsˈaraʃ nˈadɑrˌad
 262 | او نیزْ دائِمَنْ زَمانِ حالْ را  | ˈuː nˈiz dɑʔˈeman zamˈɑne hˈɑl rˈɑ
 263 | بَرْ اَساسِ کَژْتابیِ گُذَشْتِ‌اَشْ تَعْبیرْ می‌کُنَدْ  | bar ˈaːsˈɑse kaʒtˈɑbiˌe ɡozˈaʃteːaʃ tˈaʔbir mikˈonad
 264 | وَ اَزْ بَراَنْگیخْتَن‌هایِ غِیْرِ عادی وَ اَزْ مُدْ اُفْتادِ خُدَشْ مُتِأَثِّرْ می‌شَوَدْ  | vˈa az bˌaranɡˈixtanhɑjˈe q1ˈejre ˈɑdi vˈa az mˈod oftˈɑdeː xˌodaʃ mˌoteˈʔasser miʃavˈad
 265 | اَنْگیزِشِ هایی کِ نه بَرایِ خُدَشْ تُجیهْ پَذیرَنْدْ  | ˌanɡizˈeʃe hˈɑiː kˈeː nˈa bˌarɑjˈe xˌodaʃ tˈodʒih pazˈirand
 266 | وَ نه بَرایِ کِرِسْتِنْ  | vˈa nˈa bˌarɑjˈe kerˈesten
 267 | مَثَلَنْ اینْ چِ مَعْنایی دارَدْ کِ دَرْ عِدینْبِرُ وَ  | masˈalan iːn tʃeː maʔnˈɑiː dˈɑrad kˈeː dˈar ʔˌedinbˈero vˈa
 268 | اَزْ مَحَلِ کارْ بَرْگَرْدی وَ یِکْ تودِ‌یِ بُزُرْگِ لِباسْ دَرْ سالُنْ بِبینی  | az mahˈale kˈɑr barɡˈardi vˈa jˈek tˈudeːjˈe bozˈorɡe lˈebɑs dˈar sˈɑlon bebˈini
 269 | کِ کِرِسْتِنْ قَرارْ بودِ بِ خُشْکْشویی بِبَرَدْ اَمّا یادَشْ رَفْتِ  | kˈeː kerˈesten q1arˈɑr bˈuːdeː beː xoʃkʃˈuiː bebˈarad ˈammˌɑ jˈɑdaʃ rˈafteː
 270 | وَ می‌گویَدْ ظَرْفِ چَنْدْ روزِ آیَنْدِ  | vˈa miɡˈujad zˈarfe tʃˈand rˈuːze ɑjˈandeː
 271 | بِهِشانْ رِسیدِگی می‌کُنَدْ  | beheʃɑn rˈesidˌeɡi mikˈonad
 272 |  تَنْها یِکْ جَوابِ سَرْراسْتْ سَریعْ  | tˈanhɑ jˈek dʒavˈɑbe sˈarrɑst sˈariʔ
 273 | بِ فِکْرِ رَبیعْ خُطورْ می‌کُنَدْ  | beː fˈekre rˈabiʔ xˈotuːr mikˈonad
 274 | اینْکِ  | ˈinkeː
 275 | اینْ آغازِ هَمانْ بی نَظَمیسْتْ کِ اَزْ آنْ می‌تَرْسَدْ  | iːn ˈɑq1ˈɑze hamˈɑn bi nˈazamˌist kˈeː az ɑn mitˈarsad
 276 | وَ کِرِسْتِنْ عَمْدَنْ اینْکارْ را اَنْجامْ دادِ  | vˈa kerˈesten ʔˈamdan ˌiːnkɑr rɑ ˈaːndʒˈɑm dˈɑdeː
 277 | تا اَعْصابِ او را بِ هَمْ بِریزَدْ  | tɑː aʔsˈɑbe ˈuː rɑ beː hˈam berˈizad
 278 | وَ بِ او آسیبْ بِزَنَدْ  | vˈa beː ˈuː ˈɑsib bezˈanad
 279 | او کِ نِمی‌تَوانَدْ بِ نَصیحَتِ کِرِسْتِنْ گوشْ کُنَدْ  | ˈuː kˈeː nˌemitavˈɑnad beː nˈasihˌate kerˈesten ɡˈuːʃ kˈonad
 280 | وَ بِگُذارَدْ آنْ تودِ‌یِ لِباسْ  | vˈa beɡozˈɑrad ɑn tˈudeːjˈe lˈebɑs
 281 | تا روزِ بَعْدْ آنْجا بِمانَدْ خُدَشْ آنْها را بَرایِ شُسْتِشو می‌بُرْدْ  | tɑː rˈuːze bˈaʔd ˈɑndʒˈɑ bemˈɑnad xˌodaʃ ˌɑnhɑ rɑ bˌarɑjˈe ʃostˈeʃu mibˈord
 282 | ساعَتِ هَفْتِ شَبْ  | sɑʔˈate hˈafte ʃˈab
 283 | وَ بَعْدْ اَزْ بَرْگَشْتْ نیمْ ساعَتْ با سَرْ وَ صِدا خانِ‌یِ شانْ را مُرَتَّبْ می‌کُنَدْ  | vˈa bˈaʔd az bˈarɡaʃt nˈim sˈɑʔat bɑ sˈar vˈa sedˈɑ xˈɑneːjˈe ʃˈɑn rɑ morˈattab mikˈonad
 284 | وَ بِ بی نَظْمی داخِلِ کِشُیِ کارْدْ وَ چَنْگالْ  | vˈa beː bi nˈazmi dˈɑxelˌe kˌeʃojˈe kˈɑrd vˈa tʃanɡˈɑl
 285 | تَوَجُّه‌یِ ویژِ‌ای نِشانْ می‌دَهَدْ  | tˈavadʒdʒˌohjˈe vˈiʒeːiː nˈeʃɑn midˈahad
 286 | اَزْ نَظَرِ رَبیعْ  | az nˈazarˌe rˈabiʔ
 287 | بی نَظْمی مُضوعِ کَمْ اَهَمّیَتی نیسْتْ  | bi nˈazmi mozˈuʔe kˈam ˌahammiːjˈati nˈist
 288 | ناخُدآگاهْ او  | nɑxˌodɑɡˌɑh ˈuː
 289 | بِ سُرْعَتِ بِیْنِ مَسائِلِ بی اَهَمّیَتْ وَ بی‌مُرِدِ کُنونی  | beː sorʔˈate bˈejne masˈɑʔelˌe bi ˌahammˈiːjat vˈa bimorˈede konˈuːni
 290 | با مَسائِلِ خِیْلی مُهِمْ  | bɑ masˈɑʔelˌe xˈejli mˈohem
 291 | وَلی بی‌مُرِدِ گُذَشْتِ  | vˈali bimorˈede ɡozˈaʃteː
 292 | اِرْتِباطْ بَرْقَرارْ می‌کُنَدْ  | ˌertebˈɑt barq1arˈɑr mikˈonad
 293 | اَزْجُمْلِ بَقایایِ ویرانْ هُتِلِ اینْتَرَکانَتینَنْتالِ فینیقیِ  | azdʒˈomle bˌaq1ɑjˈɑje vˈirɑn hotˈele ˌiːntarakˈɑnatˌinantˈɑle fˌiniq1ˈije
 294 | کِ زَمانی اَزْ پَنْجَرِ‌یِ اُتاقَشْ آنْرا می‌دیدْ  | kˈeː zamˈɑni az pandʒˈareːjˈe otˈɑːq1aʃ ˈɑnrˈɑ midˈid
 295 | سِفارَتْ بُمْبارانْ شُدِ آمْریکا  | sefˈɑrat bombˈɑrɑn ʃˈodeː ɑmrˈikɑ
 296 | کِ هَرْ روزْ صُبْحْ اَزْ جُلُیِ آنْ میگُذَشْتْ  | kˈeː har rˈuːz sˈobh az dʒˌolojˈe ɑn miɡozˈaʃt
 297 | دیوارِ نِوِشْتِ‌یِ هایی کِ بویِ خونْ می‌دادْ  | divˈɑre nevˈeʃteːjˈe hˈɑiː kˈeː bˈuːje xˈuːn midˈɑd
 298 | وَ مُدامْ بَرْ دیوارْهایِ مَدْرِسِ‌اَشْ نَقْشْ میبَسْتْ  | vˈa mˈodɑm bar divˈɑrhˈɑje madrˈeseaʃ nˈaq1ʃ mˈibast
 299 | وَ شِلّیک‌هایِ آخَرِ شَبْ کِ دَرْ بَسْتَرْ  | vˈa ʃˈellikhɑjˈe ɑxˈare ʃˈab kˈeː dˈar bˈastar
 300 | خابیدِ بِیْنِ پِدَرْ وَ مادَرَشْ بِ گوشَشْ می‌رِسیدْ  | xˈɑbidˌeː bˈejne pˈedar vˈa mɑdˈaraʃ beː ɡˈuːʃaʃ mirˈesid
 301 | پُرْ واضِحْ اَسْتْ  | pˈor vˈɑzeh ˈast
 302 | کِ هَنوزْ هَمْ خُطوطِ سیاهِ طَرْحِ کُشْتیِ پَناهْجویانِ قِبْرِسی را می‌بینَدْ  | kˈeː hˈanuz hˈam xotˈuːte siˈɑhe tˈarhe koʃtˈie panˈɑhdʒujˌɑne q1ebrˈesi rɑ mibˈinad
 303 | کِ باِلاَخَرِ  | kˈeː bˌelaxˈareː
 304 | دَرْ تاریکی یِکْ شَبِ ژانْویِ  | dˈar tˈɑrikˌi jˈek ʃˈabe ʒɑnvˈijeː
 305 | او وَ پِدَرْ وَ مادَرَشْ را اَزْ شَهْرْ خارِجْ کَرْدْ  | ˈuː vˈa pˈedar vˈa mɑdˈaraʃ rɑ az ʃˈahr xˈɑredʒ kˈard
 306 | وَ هَمْچِنینْ  | vˈa hamtʃˈenin
 307 | آپارْتِمانی کِ بَعْدْها شِنیدَنْدْ غارَتْ شُدِ  | ˌɑpɑrtemˈɑni kˈeː bˈaʔdhɑ ʃenˈidand q1ˈɑrat ʃˈodeː
 308 | وَ اَکْنونْ خانِوادِ‌ای اَزْ جَنْگْجویانِ فِرْقِ‌یِ دُروزْ  | vˈa ˈaːknuːn xˌɑnevˈɑdeːiː az dʒˌanɡdʒujˈɑne fˈerq1eːjˈe dˈoruːz
 309 | دَرْ آنْ ساکِنْ شُدِ‌اَنْدْ  | dˈar ɑn sˈɑken ʃˈodeːˈand
 310 | وَ اَزْ اُتاقِ او بِ عُنْوانِ اَنْبارِ مُهِماتْ اِسْتِفادِ می‌کُنَنْدْ  | vˈa az otˈɑːq1e ˈuː beː onvˈɑne ˈaːnbɑrˌe mˈohemˌɑt ˌestefˈɑdeː mikˈonand
 311 | هیسْتِری او پیشینِ‌یِ بَسْ دِرازْ دارَدْ  | histˈeri ˈuː piʃˈineːjˈe bˈas dˈerɑz dˈɑrad
 312 | شایَدْ رَبیعْ دَرْ حالِ حاضِرْ  | ʃˈɑjad rˈabiʔ dˈar hˈɑle hˈɑzer
 313 | دَرْ یِکی اَزْ نُقاطِ اَمْنْ وَ آرامِ جَهانْ زِنْدِگی می‌کُنَدْ  | dˈar jˈeki az noq1ˈɑte ˈaːmn vˈa ˈɑrˈɑme dʒˈahɑn zˈendeɡˌi mikˈonad
 314 | با هَمْسَری کِ ماهیتا مِهْرْبانْ اَسْتْ  | bɑ hamsˈari kˈeː mˈɑhitˈɑ mˈeːhrbɑn ˈast
 315 | وَ با سَرْسِپُرْدِگی کِنارِ اوسْتْ  | vˈa bɑ sarsˈepordˌeɡi kenˈɑːre ˈuːst
 316 | اَمّا دَرْ ذِهْنَشْ  | ˈammˌɑ dˈar zˈehnaʃ
 317 | بِیْروتْ وَ جَنْگْ وَ وَحْشیانِ‌تَرینْ وُجوه‌یِ طَبیعَتِ اِنْسانْ  | bˈejrut vˈa dʒˈanɡ vˈa vˌahʃiˈɑneːtˈarin vˈodʒuːhjˈe tˌabiʔˈate ensˈɑn
 318 | کَماکانْ  | kamˈɑkɑn
 319 | تَهْدیدْهایِ هَمیشِگیِ اَنْدْ کِ دُرُسْتْ  | tˌahdidhˈɑje hˌamiʃeɡˈie and kˈeː dˈorost
 320 | دَرْ مَسیرِ دیدِ او قَرارْ دارَنْدْ  | dˈar masˈire dˈide ˈuː q1arˈɑr dˈɑrand
 321 | وَ هَمیشِ آمادِ‌اَنْدْ  | vˈa hamˈiʃeː ˈɑmˈɑdeːˈand
 322 | کِ بَرْ بَرْداشْتِ او اَزْ یِکْ تودِ‌یِ لِباسْ یا بِ هَمْ ریخْتِگی بَرْنامِ‌ریزی شُدِ دَرْ کِشُیِ کارْدْ وَ چَنْگالْ‌  | kˈeː bar bardˈɑʃte ˈuː az jˈek tˈudeːjˈe lˈebɑs jɑː beː hˈam rixtˈeɡi barnˈɑmeːrˈizi ʃˈodeː dˈar kˌeʃojˈe kˈɑrd vˈa tʃanɡˈɑl
 323 | ها تَأْثیرْ بِگُذارَنْدْ  | hɑ tˈaʔsir beɡozˈɑrand
 324 | زَمانی کِ ذِهْنِ مانْ  | zamˈɑni kˈeː zˈehne mˈɑn
 325 | دَرْگیرِ اِنْتِقالْ اَسْتْ  | darɡˈire ˌenteq1ˈɑl ˈast
 326 | نِمی‌تَوانیمْ موهِبَتِ تَرْدیدْ را نِثارِ اِنْسان‌ها وَ غِیْرِ اِنْسان‌ها کُنیمْ  | nˌemitˈavɑnˌim mˌuhebˈate tˈardid rɑ nesˈɑre ensˈɑnhɑ vˈa q1ˈejre ensˈɑnhɑ kˈonim
 327 | بی مُعَطَّلی وَ سَراسیمِ  | bi mˌoʔattˈali vˈa sarˈɑsimˌeː
 328 | بِ سُراغِ بَدْتَرینْ بَرْداشْتْ هایی می‌رَویمْ  | beː sorˈɑq1e badtˈarin bˌardɑʃt hˈɑiː mirˈavim
 329 | کِ گُذَشْتِ مانْ زَمانی حُکْمْ می‌کَرْدِ  | kˈeː ɡozˈaʃteː mˈɑn zamˈɑni hˈokm mikˈardeː
 330 | مُتِأَسِّفانِ  | mˌoteˌʔassefˈɑneː
 331 | اِقْرارْ بِ اینْکِ ما اَزْ آشُفْتِگی‌هایِ گُذَشْتِ اِسْتِفادِ می‌کُنیمْ  | ˈeq1rɑr beː ˈinkeː mɑ az ˌɑʃoftˈeɡihɑjˈe ɡozˈaʃteː ˌestefˈɑdeː mikˈonim
 332 | تا بَرْداشْتی اَزْ آنْچِ اَکْنونْ بِ وُقوعْ می‌پِیْوَنْدَدْ شِکْلْ دَهیمْ خُفْتِ بارْ وَ بِسیارْ شَرْمْ آوَرْ بِ نَظَرْ می‌رِسَدْ  | tɑː bardˈɑʃti az ˌɑntʃe ˈaːknuːn beː vˈoq1uːʔ mipejvˈandad ʃˈekl dˈahim xˈofte bˈɑr vˈa besˈijɑr ʃˈarm ˈɑvar beː nˈazar mirˈesad
 333 | مُطْمَئِنَّنْ تَفاوُتْ بِیْنِ شَریکِ زِنْدِگیِ مانْ  | mˌotmaʔˈennan tafˈɑvot bˈejne ʃarˈike zˈendeɡˌie mˈɑn
 334 | وَ پِدَرْ یا مادَرْ مایوسِ کُنَنْدِ را می‌دانیمْ  | vˈa pˈedar jɑː mˈɑdar mˈɑjusˌe konˈandeː rɑ midˈɑnim
 335 | هَمْچِنینْ تَفاوُتِ بِیْنِ تاَخیرِ اَنْدَکِ شُهَرْ  | hamtʃˈenin tafˈɑvotˌe bˈejne taxˈire andˌake ʃˈohar
 336 | وَ رَفْتَنِ هَمیشِگیِ پِدَرْ را  | vˈa raftˈane hˌamiʃeɡˈie pˈedar rˈɑ
 337 | وَ تَفاوُتِ بِیْنِ تِعْدادی لِباسِ کَثیفْ  | vˈa tafˈɑvotˌe bˈejne tˈeʔdɑdˌi lˈebɑsˌe kˈasif
 338 | وَ جَنْگِ داخِلی را  | vˈa dʒˈanɡe dˈɑxelˌi rˈɑ
 339 |  بازْگَرْدانْدَنِ اِحْساساتِ  | bɑzɡardˈɑndanˌe ˌehsɑsˈɑte
 340 | یِکی اَزْ پیچیدِ‌تَرینْ  | jˈeki az pitʃˈideːtˈarin
 341 | وَ ضَروری‌تَرینْ وَظایِفِ عِشْقْ بِ نَظَرْ می‌رِسَدْ  | vˈa zarˈuːritˈarin vazˈɑjefˌe ˈeːʃq1 beː nˈazar mirˈesad
 342 | پَذیرْفَتَنِ خَطَراتِ اِنْتِقالْ  | pˌazirfatˈane xˌatarˈɑte ˌenteq1ˈɑl
 343 | یَعْنی اَرْجَحْ دانْسْتَنِ هَمْ دَرْدی  | jˈaʔni ˈaːrdʒah dˈɑnstanˌe hˈam dˈardi
 344 | وَ دَرْکْ بَرْ عَصَبانیَتْ وَ قِضاوَتْ  | vˈa dˈark bar ˌasabɑnˈijjat vˈa q1ezˈɑvat
 345 | دُ نَفَرْ مُمْکِنْ اَسْتْ بِ اینْ نَتیجِ بِرِسَنْدْ  | dˈo nˈafar mˈomken ˈast beː iːn nˈatidʒˌeː berˈesand
 346 | کِ شایَدْ هَمیشِ مُسْتَقیمَنْ خُدِشانْ باعِثِ بُرون‌ریزیِ ناگَهانیِ تَشْویشْ وَ عَصَبانیَتْ نَباشَنْدْ  | kˈeː ʃˈɑjad hamˈiʃeː mˌostaq1ˈiman xodˌeʃɑn bˈɑʔesˌe bˈorunrizˈie nˌɑɡahɑnˈie tˈaʃviʃ vˈa ˌasabɑnˈijjat nˈabˈɑʃand
 347 | وَ بَنابَراینْ  | vˈa bˌanɑbˈarin
 348 | نَبایَدْ هَمیشِ  | nˈabˈɑjad hamˈiʃeː
 349 | با خَشْمْ وَ غُرورِ جَریحِ دارْ شُدِ مُواجِهْ شَوَنْدْ  | bɑ xˈaʃm vˈa q1orˈuːre dʒarˈiheː dˈɑr ʃˈodeː movˈɑdʒeh ʃˈavand
 350 | عَصَبانیَتْ وَ نِکوهِشْ می‌تَوانَدْ جایِ خُدْ را  | ˌasabɑnˈijjat vˈa nekˈuheʃ mitavˈɑnad dʒˌɑje xod rˈɑ
 351 | بِ هَمْدَرْدی بِدَهَدْ  | beː hamdˈardi bedˈahad
 352 | تا زَمانی کِ رَبیعْ  | tɑː zamˈɑni kˈeː rˈabiʔ
 353 | اَزْ سَفَرِ اِنْگِلِسْتانْ بَرْگَرْدَدْ  | az safˈare ˌenɡelˈestɑn barɡˈardad
 354 | کِرِسْتِنْ بِ بَرْخی خُشْ گُذَرانی‌هایِ مَرْسومِ دُرانِ مُجَرَّدی‌اَشْ بَرْگَشْتِ اَسْتْ  | kerˈesten beː bˈarxi xˈoʃ ɡˌozarˈɑnihɑjˈe marsˈuːme doːrˈɑne mˌodʒarrˈadiaʃ barɡˈaʃteː ˈast
 355 | مُقِعِ حَمّامْ کَرْدَنِ  | moq1ˈeʔe hˈammɑm kardˈane
 356 | آبْجُ نُشیدِ  | ˈɑbdʒoː noʃˈideː
 357 | وَ دَرْ تَخْتِ خابْ با لیوانْ بِرِشْتوکْ خُرْدِ_اَسْتْ  | vˈa dˈar tˈaxte xˈɑb bɑ lˈivɑn berˈeʃtuk xˈordeː ˈast
 358 | اَمّا خِیْلی زودْ  | ˈammˌɑ xˈejli zˈuːd
 359 | تَمایُلْ وَ تَواناییِ دُطَرَفِ‌یِ شانْ  | tamˈɑjol vˈa tˌavɑnɑˈiːe dotarˈafeːjˈe ʃˈɑn
 360 | بَرایِ ایجادِ صَمیمیَتِ  | bˌarɑjˈe iːdʒˈɑde sˌamimiːjˈate
 361 | دُبارِ پَدیدارْ می‌شَوَدْ  | dobˈɑreː padˈidɑr miʃavˈad
 362 | آشْتی طِبْقِ مَعْمولْ با یِکْ شوخی شُروعْ می‌شَوَدْ  | ˈɑʃti tˈebq1e mˈaʔmuːl bɑ jˈek ʃˈuːxi ʃˈoruːʔ miʃavˈad
 363 | کِ بَرْ آشُفْتِگی نَهُفْتِ سَرِ پوشْ می‌گُذارَدْ  | kˈeː bar ˌɑʃoftˈeɡi nahˈofteː sˈare pˈuːʃ miɡozˈɑrad
 364 | رَبیعْ می‌گویَدْ  | rˈabiʔ miɡˈujad
 365 | بِبَخْشیدْ مُزاحِمْ تونْ شُدَمْ خانومْ خانْ  | bebˈaxʃid mozˈɑhem tun ʃˈodam xˈɑnuːm xˈɑn
 366 | وَلی مِثْلِ اینْکِ بَنْدِ قَبْلَنْ اینْجا زِنْدِگی می‌کَرْدَمْ  | vˈali mˈesle ˈinkeː bˈandeː q1ˈablan ˈindʒɑ zˈendeɡˌi mikˈardam
 367 | اَصْلَنْ وَ اَبَدَنْ  | ˈaslan vˈa abˈadan
 368 | حَتْمَنْ داریدْ دُنْبالِ واحِدِ سی وَ چاهارْ اَلِفْ می‌گَرْدیدْ  | hˈatman dˈɑrid donbˈɑle vˈɑhedˌe sˈi vˈa tʃˈɑhɑr ˈalef miɡˈardid
 369 | وَلی راسْتَشْ اینْجا سی وَ چاهارْ بِ هَسْتْ  | vˈali rˈɑstaʃ ˈindʒɑ sˈi vˈa tʃˈɑhɑr bˈeː hˈast
 370 | فِکْرْ کُنَمْ ما قَبْلَنْ با هَمْ اِزْدِواجْ کَرْدیمْ یادِتونْ میادْ  | fˈekr kˈonam mɑ q1ˈablan bɑ hˈam ezdˈevɑdʒ kˈardim jˈɑdetˌun miˈɑd
 371 |  اونَمْ بَچِّ‌مونِ دابی  | ˈuːnam batʃtʃˈeːmˌuneː dˈɑbi
 372 | هَمونْ کِ اونْجا اونْ گوشِ اَسْتْ خِیْلی ساکِتْ وَ کَمْ حِرْفِ  | hˈamun kˈeː uːndʒˈɑ ˈuːn ɡˈuːʃeː ˈast xˈejli sˈɑket vˈa kˈam hˈerfeː
 373 | بِ مامانَشْ رَفْتِ  | beː mˈɑmɑnˌaʃ rˈafteː
 374 | کِرِسْتِنِ جِدّی میشَوَدْ وَ می‌گویَدْ  | kˌerestˈene dʒˈeddi miʃavˈad vˈa miɡˈujad
 375 | مِنُ بِبَخْشْ رَبیعْ  | mˈeno bˈebaxʃ rˈabiʔ
 376 | وَقْتی اَزَمْ دورْ میشی یِ کَمِ دیوونِ میشَمْ  | vˈaq1ti ˈazam dˈuːr mˈiʃi jˈeː kˈame divˈuːneː mˈiʃam
 377 | اِنْگارْ کِ می‌خامْ بِخاطِرِ رَفْتَنَتْ تَنْبیهَتْ کُنَمْ  | ˈenɡɑr kˈeː mixˈɑm bexˈɑterˌe rˈaftanˌat tanbˈihat kˈonam
 378 | وَ اینْ خِیْلی مَسْخَرِ اَسْتْ چُنْ تُ داری سَعْیْ میکُنی وامِمونْ رو تَصْفیِ کُنی مِنُ بِبَخْشْ  | vˈa iːn xˈejli masxˈare ˈast tʃˈon tˈo dˈɑri sˈaʔj mikˈoni vˈɑmemˌun rˈu tasfˈije kˈoni mˈeno bˈebaxʃ
 379 | بَعْضی وَقْتْها خُلْ وَ چِلْ میشَمْ  | bˈaʔzi vˈaq1thɑ xˈol vˈa tʃˈel mˈiʃam
 380 | حَرْفْهایِ کِرِسْتِنْ  | harfhˈɑje kerˈesten
 381 | مِثْلِ مَرْهَمِ فُری عَمَلْ می‌کُنَنْدْ  | mˈesle marhˈame fˈoːri ˈamal mikˈonand
 382 | رَبیعْ لَبْریزْ اَزْ عِشْقْ بِ هَمْسَرَشْ می‌شَوَدْ  | rˈabiʔ lˈabriz az ˈeːʃq1 beː hamsˈaraʃ miʃavˈad
 383 | هَمْسَری کِ کَمی ناشِمُرْدِ حَرْفْ می‌زَنَدْ  | hamsˈari kˈeː kˈami nɑʃˈemordˌeː hˈarf mizˈanad
 384 | وَ اَصْلَنْ حَقْ بِ جانِبْ نیسْتْ  | vˈa ˈaslan hˈaq1 beː dʒˈɑneb nˈist
 385 | شَمِ دَرونیِ او  | ʃˈame dˌarunˈie ˈuː
 386 | بِهْتَرینْ هِدیِ‌ای اَسْتْ کِ بِ عُنْوانِ خُش‌آمَدْگویی می‌تَوانَدْ بِ رَبیعْ بِدَهَدْ  | behtˈarin hedˈijeiː ˈast kˈeː beː onvˈɑne xˈoʃˌɑmadɡˈuiː mitavˈɑnad beː rˈabiʔ bedˈahad
 387 | وَ بِهْتَرینْ ضِمانَتْ اَسْتْ  | vˈa behtˈarin zemˈɑnat ˈast
 388 | بَرایِ اِسْتِحْکامِ عِشْقِ شانْ  | bˌarɑjˈe ˌestehkˈɑme ˈeːʃq1e ʃˈɑn
 389 | رَبیعْ بِ اینْ می‌اَنْدیشَدْ کِ نه او وَ نه کِرِسْتِنْ  | rˈabiʔ beː iːn miandˈiʃad kˈeː nˈa ˈuː vˈa nˈa kerˈesten
 390 | نیازی نیسْتْ اَنْسانْهایِ کامِلی باشَنْدْ  | nijˈɑzi nˈist ˈaːnsˈɑnhˈɑje kˈɑmelˌi bˈɑʃand
 391 | آنْها فَقَطْ بایَدْ با عَلامَتْ بِ هَمْ نِشانْ دَهَنْدْ کِ می‌دانَنْدْ  | ˌɑnhɑ fˈaq1at bˈɑjad bɑ aːlˈɑmat beː hˈam nˈeʃɑn dˈahand kˈeː midˈɑnand
 392 | گاهی زِنْدِگی کَرْدَنْ با هَرْ کُدامْ شانْ  | ɡˈɑhi zˈendeɡˌi kˈardan bɑ har kˈodɑm ʃˈɑn
 393 | چِ قَدْرْ سَخْتْ می‌شَوَدْ  | tʃeː q1ˈadr sˈaxt miʃavˈad
 394 | بَرایِ داشْتَنِ رَوابِطِ خوبْ  | bˌarɑjˈe dˈɑʃtanˌe rˌavɑbˈete xˈuːb
 395 | نیازی نیسْتْ دائِمَنْ عاقِلانِ رَفْتارْ کُنیمْ  | nijˈɑzi nˈist dɑʔˈeman ˈɑq1elˌɑneː raftˈɑr kˈonim
 396 | تَمامِ مَهارَتی کِ نیازْ داریمْ  | tamˈɑme mˌahɑrˈati kˈeː nˈijɑz dˈɑrim
 397 | اینْ اَسْتْ کِ چَنْدْ وَقْتْ یِکْبارْ بِتَوانیمْ  | iːn ˈast kˈeː tʃˈand vˈaq1t jekbˈɑr bˌetavˈɑnim
 398 | با رویِ گُشودِ اِقْرارْ کُنیمْ  | bɑ rˈuje ɡoʃˈuːdeː ˈeq1rɑr kˈonim
 399 | کِ شایَدْ دَرْ یِکی دُ مُقِعیَتِ  | kˈeː ʃˈɑjad dˈar jˈeki dˈo mˌoq1eʔiːjˈate
 400 | اَحْمَقانِ رَفْتارْ کَرْدِ‌ایمْ  | ˈaːhmaq1ˌɑneː raftˈɑr kˈardeːˈiːm
